Repo Name,Total LOC,Avg CBO,Avg LCOM,Avg DIT,Stars,Repo Age,Releases,Size (KB)
XCL-Charts,23397,7.740061162079511,49.042813455657495,2.1773700305810397,4018,11,1128,127035
Java,2697,3.806451612903226,5.096774193548387,1.4193548387096775,148840,7,45770,176665
CoreNLP,565854,6.073015873015873,145.66961451247167,1.6374149659863946,9825,12,2712,396331
generator,68147,7.037037037037037,87.58179012345678,1.9459876543209877,23176,7,6822,908001
titan,71163,5.946047678795483,20.50564617314931,1.3726474278544543,5241,13,1009,91250
AndPermission,4486,3.994047619047619,7.488095238095238,1.1666666666666667,6633,9,1102,1665
Create,148028,10.804541768045418,28.095296025952962,1.8390105433901054,3301,6,986,84459
Hystrix,62010,3.2453865336658354,20.253865336658354,1.4902743142144639,24277,13,4729,9799
glide-transformations,991,5.555555555555555,2.7777777777777777,2.1481481481481484,9921,10,1407,26509
error-prone,107342,7.658395101514663,26.165968417660327,1.5185304543989688,6947,11,752,152363
react-native-svg,15403,6.304195804195804,77.25524475524476,2.2517482517482517,7672,9,1149,88560
guava,257764,4.010253223551344,48.56175236911605,1.7795556936461083,50602,11,10963,551960
vespa,624055,6.173435140124182,37.00218157408961,1.5971639536835038,6068,9,625,455575
zxing,40017,4.951260504201681,22.963025210084034,1.692436974789916,33169,14,9384,242772
fastexcel,20720,6.530864197530864,31.80246913580247,1.3738977072310405,4242,1,324,23810
springdoc-openapi,50905,3.985066371681416,8.850387168141593,1.3033738938053097,3390,6,517,10272
sensitive-word,3683,3.3333333333333335,20.851282051282052,1.2,4866,5,663,5625
Algorithms,32495,2.611231101511879,16.19654427645788,1.0539956803455723,61149,9,19813,5589
OpenHub,24549,6.7560975609756095,32.92835365853659,1.6326219512195121,4252,8,415,10128
lucida,23221,6.518656716417911,23.51865671641791,1.6119402985074627,4805,11,879,1352332
fastjson2,405175,2.6304112554112553,290.8895021645022,1.1856060606060606,3983,3,520,130096
netty,330055,4.300815334000858,67.12787870118724,1.5552853669003004,33904,15,16036,94256
shardingsphere,197605,6.535693145495443,26.023440274653723,1.450455783118267,20127,9,6785,660068
unidbg,90028,5.246064139941691,26.621574344023323,1.5574344023323614,4193,6,996,590078
GSYVideoPlayer,31257,5.52435064935065,55.853896103896105,1.577922077922078,20607,9,4242,337852
ftgo-application,6868,5.345945945945946,8.191891891891892,1.1891891891891893,3526,8,1360,1010
kylin,316184,7.770750157596134,137.43937802059256,1.5131330111367935,3684,10,1530,573285
spotless,34773,5.162037037037037,13.76736111111111,1.7627314814814814,4767,10,464,20404
jsonschema2pojo,14399,6.735294117647059,76.92279411764706,1.1433823529411764,6277,12,1660,12121
SpringBoot-Labs,17663,4.3025325119780975,1.4229979466119096,1.053388090349076,19476,7,6079,1813
strimzi-kafka-operator,122816,10.70551724137931,46.14206896551724,1.5179310344827586,5152,9,1347,80619
VBlog,781,4.551724137931035,29.06896551724138,1.0344827586206897,7369,8,2914,3841
reflections,4782,2.771573604060914,13.65989847715736,1.1522842639593909,4736,12,706,1064
AndroidPicker,13541,5.435146443514644,51.71548117154812,1.6443514644351465,6599,10,1480,28194
JavaSourceCodeLearning,6045,2.854889589905363,3.138801261829653,1.2586750788643533,3577,5,598,8297
pdfsam,19252,7.015673981191223,4.79153605015674,1.4341692789968652,3678,12,358,15185
AndroidAutoSize,1720,5.408163265306122,31.285714285714285,1.4081632653061225,13593,7,1988,3131
javacpp,26575,5.938679245283019,153.1933962264151,2.0235849056603774,4562,11,591,10944
flink,1096568,7.141417989417989,28.839873015873017,1.6369100529100529,24652,11,13466,521346
spock,25320,5.392706872370266,35.315568022440395,1.4446002805049087,3576,15,471,33828
richeditor-android,804,2.4186046511627906,46.95348837209303,1.1395348837209303,6290,10,1199,2898
mini-spring,2472,3.4093959731543624,5.080536912751678,1.221476510067114,5906,5,1378,1085
micronaut-core,167525,5.732994278448824,36.768806950625134,1.3265522356431447,6193,7,1094,107221
ysoserial,3851,5.458333333333333,8.891666666666667,1.3416666666666666,8045,10,1784,463
JiaoZiVideoPlayer,4511,7.27536231884058,56.63768115942029,2.1159420289855073,10487,9,2426,143896
rstudio,226107,5.5665755002159205,353.5625449834461,1.4383186987188714,4765,15,1111,982524
SpringAll,6024,5.14095744680851,3.6702127659574466,1.1117021276595744,28682,7,8183,1069
Android-Touch-Helper,2257,4.127272727272727,1.9454545454545455,1.1818181818181819,5250,5,509,156370
Recaf,66090,8.255524861878452,24.125690607734807,1.5946132596685083,6319,8,477,59066
FairEmail,253753,4.977158519872088,35.04454088624943,1.2649611694837826,3504,7,654,1108340
FastBle,4713,4.380952380952381,26.066666666666666,1.2952380952380953,5382,9,1238,35234
material-calendarview,3658,6.454545454545454,69.01136363636364,1.5340909090909092,5921,10,1311,4823
SwipeRecyclerView,11121,4.912727272727273,26.90909090909091,1.3890909090909092,5682,9,1098,29347
crate,438302,7.454222105124489,48.10117244104861,1.623764984850481,4198,12,574,161266
FloatWindow,1473,3.772727272727273,9.727272727272727,1.2727272727272727,4191,8,653,1002
logger,827,5.833333333333333,14.944444444444445,1.1666666666666667,13849,10,2140,1873
selenium,87681,5.85515766969535,32.42490646712988,1.4024585783003742,31928,12,8368,2321847
butterknife,7712,3.9595588235294117,10.481617647058824,1.2352941176470589,25528,12,4597,3909
DataX,79597,4.402155887230514,17.65174129353234,1.7404643449419568,16309,7,5510,22870
failsafe,10026,6.38655462184874,19.176470588235293,2.063025210084034,4236,10,299,1613
folding-cell-android,812,4.142857142857143,13.380952380952381,1.3333333333333333,4903,9,841,26341
novel,4470,4.385,20.62,1.07,5214,6,1389,99465
Arduino,25793,4.131111111111111,32.72222222222222,1.768888888888889,14288,15,6996,1390211
smartTable,14165,5.126373626373627,25.928571428571427,1.1895604395604396,5186,8,866,63951
SlidingMenu,3085,5.081081081081081,47.445945945945944,1.945945945945946,11061,13,5026,32085
quartz,34345,5.572,119.668,1.442,6443,9,1959,26591
gradle-retrolambda,623,4.6,2.16,1.04,5291,12,446,609
maestro,49847,8.234530938123752,29.135728542914173,1.5828343313373254,3419,1,208,1642
androidmvp,274,3.2857142857142856,3.0,1.2857142857142858,5926,11,1570,327
GuideView,1246,3.742857142857143,8.228571428571428,1.3714285714285714,3957,9,653,7068
DKVideoPlayer,18446,5.326259946949602,46.753315649867375,1.5915119363395225,5135,8,1051,90266
android-stackblur,933,1.7560975609756098,0.5853658536585366,1.0975609756097562,3582,12,646,6716
RePlugin,30275,5.197368421052632,32.01973684210526,1.4166666666666667,7308,8,1537,25364
AndroidAutoLayout,2370,5.833333333333333,8.807692307692308,2.0,6675,10,1895,7466
swagger-core,40630,4.834502103786816,49.44670406732118,1.226507713884993,7417,14,2196,21984
Spring-Cloud-Platform,6014,4.887005649717514,57.64971751412429,1.4067796610169492,6400,8,2393,212466
Android-ObservableScrollView,12621,5.014925373134329,7.570149253731343,1.9671641791044776,9653,11,2060,13780
freeline,5357,3.785185185185185,13.866666666666667,1.6074074074074074,5472,9,621,75385
fullstack-tutorial,0,,,,11631,7,2441,65725
QR-Code-generator,1823,3.9473684210526314,19.57894736842105,1.4210526315789473,5693,9,1154,1389
u2020,4806,6.2164179104477615,23.619402985074625,1.4253731343283582,5671,12,926,9385
ArchUnit,80048,3.6522213137094575,39.509403107113656,1.2747342600163531,3350,8,307,17162
blurkit-android,497,6.1,30.3,1.5,3745,9,311,6270
Android_Data,116,2.0,3.0,1.0,8770,10,2027,153
jOOQ,214580,9.755076923076922,1648.527076923077,1.724923076923077,6338,14,1214,277053
ActiveAndroid,3158,5.370967741935484,22.080645161290324,1.7096774193548387,4690,13,1033,18083
Android-Image-Cropper,4655,7.725,70.375,1.375,6423,10,1383,26047
AndroidAsync,18086,3.613259668508287,19.44014732965009,1.5322283609576428,7537,13,1561,3720
linuxdeploy,2693,7.162162162162162,35.891891891891895,1.6486486486486487,5414,13,691,53204
ExpandableTextView,552,5.133333333333334,11.8,1.7333333333333334,4088,11,791,4287
PictureSelector,39103,5.156037991858887,49.44911804613297,1.237449118046133,13409,8,3036,542078
spring-boot-demo,7163,5.039419087136929,2.3215767634854774,1.1244813278008299,33514,8,10953,14194
SmartTube,232970,6.532953105196452,64.43282636248416,1.538656527249683,21904,5,1178,93460
NumberProgressBar,380,3.1666666666666665,91.83333333333333,1.3333333333333333,6093,11,1401,158
skywalking,91536,6.112284406898979,5.3646603308694125,1.3776839141147483,24164,10,6564,172856
hmily,27474,5.449258836944128,10.607753705815279,1.2041049030786772,4123,8,1404,3787
web3j,42354,4.308485329103886,34.10785091197462,1.7097541633624107,5198,9,1712,11241
MyPerf4J,10298,4.101307189542483,10.61111111111111,1.173202614379085,3429,7,546,1295
smali,46762,6.0703125,15.016493055555555,1.6666666666666667,6418,13,1082,9535
glide,60806,5.977572559366755,19.91160949868074,1.2361477572559367,34819,12,6148,97215
learning-spark,2295,2.827067669172932,1.7969924812030076,1.0150375939849625,3891,11,2421,370
xpay,1449,6.428571428571429,93.42857142857143,1.0,4939,8,1110,12147
open-location-code,2251,4.925373134328358,4.0,1.1791044776119404,4169,11,491,4761
PRDownloader,4709,2.3375,9.54375,1.04375,3308,8,540,477
PeerBanHelper,24870,6.174812030075188,19.133458646616543,1.330827067669173,3818,1,100,90967
KnowStreaming,31517,6.953961456102784,10.322269807280515,1.8115631691648821,7056,5,1288,200022
JGrowing,329,1.5263157894736843,1.9473684210526316,1.0,4566,6,935,2987
bisq,177809,7.409942950285249,30.28524857375713,1.7158380874762293,4836,11,1277,869084
uCrop,4669,6.298701298701299,28.90909090909091,1.3636363636363635,11960,9,2190,62547
conductor,47052,7.432228915662651,78.67469879518072,1.2545180722891567,20389,2,556,35238
zfile,6839,6.95970695970696,5.091575091575091,1.5677655677655677,9935,6,1870,46394
cyberduck,296222,6.456213176218532,65.67447777182646,1.3533743974290304,3596,8,301,641691
marshalsec,2214,7.291666666666667,14.583333333333334,1.8194444444444444,3472,8,682,469
epic,5127,3.228187919463087,30.395973154362416,1.6241610738255035,4666,10,944,2001
junit4,32946,3.833446634942216,12.961250849762067,1.4738273283480625,8531,16,3279,24340
JDA,58908,9.041497152156225,134.64768104149715,1.855980471928397,4542,11,1074,2835
flink-recommandSystem-demo,1835,3.727272727272727,6.402597402597403,1.077922077922078,4356,6,1471,4692
ActionBarSherlock,26463,6.323185011709602,63.39812646370024,2.0257611241217797,7085,14,3516,21244
interviews,5617,1.2762645914396886,0.2918287937743191,1.0038910505836576,64030,8,12916,24091
AppManager,120795,7.942436412315931,73.81191432396251,1.4678714859437751,5572,5,313,77915
Android-SpinKit,1812,4.816901408450704,21.52112676056338,3.1690140845070425,8650,9,1311,10241
newbee-mall,3935,5.033707865168539,34.91011235955056,1.0674157303370786,11267,6,2728,36232
kkFileView,9533,7.048780487804878,167.41463414634146,1.048780487804878,12032,8,2890,751077
megabasterd,20673,2.7611940298507465,85.72139303482587,1.4875621890547264,4945,9,607,85025
sofa-boot,32815,5.123624047417443,17.821337849280273,1.1981371718882303,5013,7,1266,4813
android,22657,4.208984375,15.65234375,1.517578125,37875,11,9037,21720
iceberg,297465,8.459310344827585,35.7280459770115,1.612183908045977,7064,7,2442,90011
akhq,17311,8.157377049180328,28.97377049180328,1.2918032786885245,3504,7,681,35147
AndroidHttpCapture,15905,4.70440251572327,36.886792452830186,1.4182389937106918,4495,9,859,5848
dataease,39297,4.868421052631579,22.174812030075188,1.211466165413534,19677,4,3508,300343
AndResGuard,6506,3.5303030303030303,22.37878787878788,1.5,8584,10,1542,8343
remusic,47786,5.18698224852071,41.646153846153844,1.4532544378698224,6295,9,1924,115952
MPAndroidChart,21111,8.843137254901961,91.0326797385621,1.9803921568627452,37875,11,9037,21720
ripme,20151,4.984848484848484,27.606060606060606,2.5545454545454547,3824,8,630,5241
http-request,4876,2.238095238095238,78.50595238095238,1.1130952380952381,3375,14,844,1678
material-components-android,110546,7.086870681145114,89.31688055281343,1.531589338598223,16625,9,3118,153422
Small,7726,3.8054054054054056,20.167567567567566,1.4756756756756757,5053,10,1107,7023
volley,9295,5.190476190476191,12.285714285714286,1.696969696969697,4289,12,1557,952
Android-CleanArchitecture,2260,5.142857142857143,6.723809523809524,1.4285714285714286,15534,11,3314,5191
api-samples,2541,6.404761904761905,4.380952380952381,1.0,5648,12,3001,816
SmartRefreshLayout,18145,6.651026392961877,30.319648093841643,1.5073313782991202,25059,8,4968,274026
hutool,125149,3.56425464610518,104.01581652827204,1.280347963621985,29646,11,7568,65838
orientdb,448089,6.478408636545382,324.8094762095162,1.6181527389044381,4786,13,875,295184
Apktool,12237,6.01685393258427,54.337078651685395,1.9438202247191012,21572,13,3681,313905
feign,37379,5.061797752808989,13.218298555377206,1.680577849117175,9618,12,1939,9695
janusgraph,104259,6.881794195250659,43.922955145118735,1.4311345646437994,5453,9,1187,60815
Dexter,2197,4.425,4.15,1.2,5224,10,669,2928
DesignPattern,2603,2.5380710659898478,1.4263959390862944,1.2791878172588833,4882,9,1436,4512
RxJavaSamples,1001,4.547169811320755,1.6037735849056605,1.3962264150943395,3937,9,857,4613
MVPArms,5986,6.644295302013423,32.100671140939596,1.2818791946308725,10283,9,2384,5963
GT,55590,3.915869980879541,13.720841300191205,1.3001912045889101,4406,9,1033,21307
djl,85117,6.92877094972067,146.39804469273744,1.5551675977653632,4389,6,693,48513
rejoiner,3566,6.6183206106870225,4.923664122137405,1.5725190839694656,3667,8,139,793
querydsl,98629,5.184715346534653,42.90037128712871,2.0952970297029703,4834,14,880,51704
GCViewer,20453,5.274914089347079,49.044673539518904,2.1649484536082473,4517,14,984,6761
ListViewAnimations,5697,6.474452554744525,10.459854014598541,2.0583941605839415,5551,12,1644,25513
hsweb-framework,24965,6.105263157894737,10.919298245614035,1.3766081871345028,8367,9,3049,33929
Fragmentation,8981,5.232394366197183,15.116197183098592,1.7077464788732395,9726,9,2113,29343
Conductor,5385,5.476744186046512,71.33720930232558,1.3488372093023255,20389,2,556,35238
cw-omnibus,71159,5.26478149100257,20.09357326478149,1.6838046272493574,5353,13,3770,75165
rabbitmq-tutorials,1480,4.8431372549019605,2.2941176470588234,1.0,6730,15,3571,5435
camel,1786752,4.813185731857319,78.509963099631,1.6285854858548585,5771,16,5006,1033956
baritone,22190,6.687898089171974,21.808917197452228,1.3864118895966029,7599,7,1527,16276
chuck,1698,5.833333333333333,55.73809523809524,1.380952380952381,4700,8,456,1899
otto,1987,2.4352941176470586,3.552941176470588,1.388235294117647,8407,9,1499,40819
paascloud-master,16412,6.014804845222073,5.450874831763122,1.3364737550471064,9877,7,4303,16083
pixel-dungeon,38623,5.4958283671036945,12.423122765196663,2.5613825983313467,5097,11,1203,174801
AndroidWiFiADB,1096,2.8666666666666667,12.133333333333333,1.5,4145,10,479,3109
android-advancedrecyclerview,20692,6.6075949367088604,32.02278481012658,2.4075949367088607,5326,10,857,9111
ShortcutBadger,885,5.290322580645161,3.4838709677419355,1.1612903225806452,7352,12,1343,1231
hellocharts-android,10995,6.30718954248366,40.294117647058826,1.522875816993464,7443,11,1614,6126
jshERP,69817,5.781512605042017,1642.8795518207282,1.330532212885154,3498,9,1242,67301
libgdx,287544,5.087447801522967,3460.511913534758,1.7703267010562516,23843,13,6476,1105435
Transitions-Everywhere,9469,6.901554404145077,25.72538860103627,1.6839378238341969,4816,11,488,1247
NullAway,22068,4.4675090252707585,48.03429602888087,1.211191335740072,3713,8,301,6880
hackpad,87731,5.088852988691438,152.29886914378028,1.8061389337641358,3551,10,527,110132
WePush,22791,6.829710144927536,25.14855072463768,1.5797101449275361,4384,8,992,47382
incubator-kie-drools,762941,6.566629339305711,66.48238435696443,1.5635282970109399,5977,14,2535,297393
testing-samples,1849,5.5,3.1511627906976742,1.3488372093023255,9244,11,3636,12132
CC,4599,4.966666666666667,16.316666666666666,1.2583333333333333,8653,14,1684,702645
bilibili-android-client,38892,4.92128801431127,42.7906976744186,1.8175313059033988,4491,9,1481,113179
android-floating-action-button,1078,5.571428571428571,48.142857142857146,1.6666666666666667,6378,11,1450,606
walle,4633,3.148936170212766,8.691489361702128,1.1914893617021276,6814,8,1086,528
ribbon,21788,4.385915492957746,13.377464788732395,1.2661971830985916,4598,12,1248,3541
RxAndroid,1452,2.272727272727273,3.090909090909091,1.1272727272727272,19863,11,2947,1045
wgcloud,6105,6.0423728813559325,34.54237288135593,1.194915254237288,4867,6,864,48558
ForestBlog,2437,5.104651162790698,12.686046511627907,1.069767441860465,4570,8,1644,52149
Android-IMSI-Catcher-Detector,12171,5.059760956175299,4.964143426294821,1.3306772908366533,4899,12,977,11248
picocli,94821,3.016506189821183,59.48314993122421,1.1127922971114168,5050,8,434,84980
maxwell,17684,6.112540192926045,32.048231511254016,1.6237942122186495,4099,10,1019,29680
RxAndroidBle,15397,5.381856540084388,53.81645569620253,1.3164556962025316,3483,9,589,2923
SpringBootVulExploit,258,3.357142857142857,3.5714285714285716,1.0,5890,5,1313,135
roncoo-pay,19910,5.17005076142132,62.93654822335025,1.2893401015228427,4880,9,2578,18383
motan,45725,6.110840438489647,32.79902557856273,1.4421437271619975,5885,9,1769,4593
cas,221724,9.164170572767807,7.713158797301932,1.4815365268091918,11042,14,3949,268880
Tangram-Android,24338,5.2595818815331015,23.21080139372822,1.6777003484320558,4115,8,525,1604
Aegis,23706,7.447661469933185,22.5456570155902,1.7082405345211582,9980,9,418,21761
Ehviewer_CN_SXJ,75074,6.824427480916031,67.17230098146129,1.757906215921483,16273,5,442,13807
fernflower,55152,4.42158273381295,37.25323741007194,1.2287769784172662,3598,11,676,7061
linkis,89027,4.592193808882907,38.61956034096007,1.3580080753701211,3349,6,1162,91437
android-async-http,7620,5.662337662337662,45.87662337662338,1.7857142857142858,10632,14,4084,3063
graphhopper,96014,6.866766467065868,32.821107784431135,1.2537425149700598,5678,13,1682,137822
immutables,68076,4.741910925009517,28.896840502474305,1.295774647887324,3471,12,280,12954
typespec,156525,9.070056802813092,25.585068974844468,1.1628347308628617,4861,4,258,57269
CircleImageView,360,11.0,178.66666666666666,2.3333333333333335,14546,11,3115,1003
LoadSir,1481,5.1891891891891895,4.013513513513513,1.554054054054054,3491,8,505,4024
litemall,90884,4.6158833063209075,1532.8849270664505,1.1280388978930307,19556,7,7260,24591
NoHttp,8428,4.456140350877193,45.64912280701754,1.5,7048,13,1706,1375
blade,15319,4.628664495114006,42.156351791530945,1.234527687296417,5861,10,1172,3382
presto,724687,8.76179661872319,76.27723105391539,1.3660526537135167,16278,13,5433,235336
QNotified,35499,6.00587084148728,47.76712328767123,1.63013698630137,3445,6,330,8766
java-tron,146409,8.768375540457072,79.6473131562693,1.8443483631871527,3837,8,1450,211741
DiscreteScrollView,3698,4.228571428571429,19.114285714285714,1.2476190476190476,5789,8,784,33353
javassist,83228,3.383783783783784,43.90810810810811,1.553153153153153,4169,12,710,30583
MinecraftForge,62460,6.7428057553956835,38.43225419664269,2.0719424460431655,7095,13,2732,121999
BottomNavigation,2091,7.533333333333333,69.26666666666667,1.4333333333333333,4367,9,686,3928
gocd,269642,7.450460405156538,37.90662983425414,1.247329650092081,7202,12,977,404675
Matisse,3418,6.657894736842105,8.078947368421053,1.394736842105263,12548,8,2063,1991
Chronicle-Queue,27433,5.483935742971887,177.41967871485943,1.5923694779116466,3424,12,540,29767
LSPatch,7008,4.342465753424658,23.876712328767123,1.3493150684931507,7813,4,872,10312
config,13186,5.475,76.18,2.055,29385,9,10225,56556
JsonPath,16468,4.557065217391305,29.29076086956522,1.486413043478261,9070,14,1666,2694
bitcoinj,46021,6.864217252396166,87.39456869009585,1.7571884984025559,5065,12,2511,27415
ExoPlayer,262348,7.529411764705882,52.220054861322765,1.2971654983236818,21805,11,6036,484242
rebound,4095,4.379310344827586,34.93103448275862,1.3218390804597702,5423,12,813,23623
IDDD_Samples,28475,4.738863287250384,27.327188940092167,1.663594470046083,3843,12,914,546
android-volley,4965,5.090909090909091,15.818181818181818,1.893939393939394,4289,12,1557,952
hazelcast,1099095,7.899844813178943,44.84487286618121,1.7638175957980184,6271,13,1859,414407
graphql-java,67778,7.955336866010598,32.73126419379258,1.4587433762301287,6166,10,1127,16325
dddsample-core,4717,6.842424242424243,6.6909090909090905,1.1393939393939394,5105,10,1496,8635
tablesaw,48438,5.952941176470588,108.16470588235295,1.284967320261438,3611,9,648,66338
tiny-spring,1543,3.0849056603773586,2.3679245283018866,1.150943396226415,4072,11,1819,638
mpush,15032,4.731155778894473,24.565326633165828,1.3442211055276383,3768,9,1458,2595
jackson-databind,160023,3.7897087378640775,24.384271844660194,1.7407766990291262,3564,14,1407,82097
Android-Bootstrap,10389,6.962025316455696,31.39240506329114,1.6708860759493671,7277,12,1420,11507
spring-boot-starter,4431,4.52,16.177142857142858,1.2228571428571429,4186,10,1795,15328
Android-Universal-Image-Loader,7434,4.864285714285714,28.84285714285714,1.5857142857142856,16776,14,6086,27133
hudi,266486,9.141226110697444,60.5867460908414,1.601886324149913,5699,9,2391,1778072
NewPipe,40963,8.335652173913044,43.845217391304345,1.6486956521739131,33293,10,3155,79131
TV,33828,6.21304347826087,95.70289855072464,1.4,5890,5,1313,135
YCSB,22345,7.038135593220339,7.860169491525424,1.6355932203389831,5014,15,2270,32677
DataMiningAlgorithm,11663,2.2936507936507935,9.96031746031746,1.0873015873015872,3909,10,1705,535
android-autofittextview,470,5.375,40.75,1.375,4268,14,689,1190
zuul,21594,6.406,25.226,1.594,13657,12,2408,5711
db-tutorial,11203,5.205741626794258,32.60765550239235,1.1818181818181819,4568,8,587,13001
wvp-GB28181-pro,36933,8.344444444444445,41.89259259259259,1.2648148148148148,5721,5,1623,52072
toBeTopJavaer,0,,,,25420,7,5452,8004
micrometer,77703,5.725280598610369,19.704436130411544,1.2918225547835382,4567,8,1013,36181
aws-doc-sdk-examples,76313,6.9453860640301315,6.1563088512241055,1.034526051475204,9891,9,5738,250441
poi-tl,22796,6.493333333333333,89.65523809523809,1.2057142857142857,4584,10,1057,102715
Chat2DB,34786,6.009708737864078,16.010679611650485,1.2631067961165048,21507,2,2362,18690
bazel,589188,7.567821271003473,68.65183516380363,1.624612785130949,23810,11,4157,965521
BGABanner-Android,2123,5.0,26.28301886792453,1.5849056603773586,4174,11,782,40655
easyexcel,20545,6.328571428571428,32.025,1.3732142857142857,33234,7,7617,26334
usb-serial-for-android,8171,6.196969696969697,38.96969696969697,1.3181818181818181,5081,12,1620,940
analysis-ik,2379,4.891891891891892,14.162162162162161,1.3783783783783783,16881,14,3291,7673
hibernate-orm,1043259,6.782297231665857,72.94022179051319,1.4017727051966975,6115,15,3616,290137
react-native-share,1792,5.560975609756097,8.609756097560975,2.073170731707317,3748,10,964,14045
XRecyclerView,5151,3.9096385542168677,9.042168674698795,1.4216867469879517,5333,10,1257,6529
syncthing-android,8424,6.514084507042254,9.049295774647888,1.6901408450704225,3795,11,452,23375
awaitility,5473,3.176470588235294,18.58235294117647,1.1941176470588235,3885,15,247,1377
sonarqube,415735,7.133768719738768,25.10449273730436,1.188604886837068,9421,14,2056,958571
PowerJob,23703,5.68843537414966,5.0,1.183673469387755,7390,5,1298,19516
WukongCRM-11.0-JAVA,64304,7.4296918767507005,13.0296918767507,1.1971988795518207,4830,4,735,114411
testcontainers-java,30782,5.382907880133185,22.09211986681465,1.4794672586015538,8162,10,1686,13610
PhotoView,1792,4.733333333333333,24.6,1.3555555555555556,18833,13,3930,16896
VitamioBundle,6501,4.9504950495049505,75.06930693069307,1.316831683168317,5270,13,2065,186316
pulsar,499811,6.8282310569330935,83.42318880731403,1.6995428729740962,14507,9,3624,234531
Toasty,487,4.0625,56.625,1.0625,6589,8,810,977
CompreFace,7766,7.852852852852853,3.894894894894895,1.6576576576576576,6183,5,833,566295
java-algorithms-implementation,31758,3.710706150341686,7.050113895216401,1.5831435079726652,4486,12,1858,1487
CloudReader,19393,4.75,19.41260162601626,1.4552845528455285,4964,9,1331,95417
SSM,12864,3.188073394495413,110.80275229357798,1.151376146788991,5951,9,2748,12364
MallChat,9260,6.243243243243243,4.4391891891891895,1.2027027027027026,4235,2,985,2144
grafika,10035,6.407766990291262,6.893203883495145,1.7475728155339805,6116,12,1462,1092
quasar,52770,3.3936249073387694,35.99703484062268,1.475166790214974,4569,12,574,80585
FlowLayout,810,4.323529411764706,5.0,1.411764705882353,5595,10,1166,910
screw,3941,4.985294117647059,5.242647058823529,1.3529411764705883,3864,5,708,2092
sodium,24662,6.257234726688103,13.114147909967846,1.4163987138263665,5040,5,832,7137
AndroidPdfViewer,3328,4.947368421052632,76.78947368421052,1.2456140350877194,8266,9,1938,2724
QLExpress,12466,4.211309523809524,12.547619047619047,1.5535714285714286,4990,8,1168,2665
flyway,31256,6.052112676056338,52.90985915492958,1.4619718309859155,8624,13,1533,1190369
kafdrop,4163,5.479591836734694,29.489795918367346,1.316326530612245,5764,6,872,2904
libstreaming,6798,3.5730337078651684,23.292134831460675,1.4157303370786516,3500,12,1079,1537
Mapper,19104,5.056768558951965,36.1768558951965,1.24235807860262,7367,11,1627,2274
Luyten,6750,2.3488372093023258,15.449612403100776,1.5426356589147288,5037,12,1003,5857
hippo4j,29660,4.650551314673452,5.813401187446989,1.2027141645462256,5708,4,1203,23733
WeChatLuckyMoney,931,5.380952380952381,8.80952380952381,1.380952380952381,7209,10,2212,660
xManager,45124,1.8766157461809636,6.6310223266745005,1.0129259694477086,11302,4,306,4728
google-authenticator,3935,3.8852459016393444,29.65573770491803,1.6885245901639345,5259,11,973,2433
java-developer-roadmap,5,0.0,0.0,1.0,4073,6,547,4941
lottie-android,17877,6.897610921501706,33.39249146757679,1.286689419795222,35251,9,5437,137150
SystemBarTint,807,8.0,22.555555555555557,1.7777777777777777,5360,12,1431,1099
mosby,17193,5.381954887218045,9.593984962406015,1.6345864661654135,5480,10,842,26564
google-java-format,12916,5.696969696969697,67.93333333333334,1.4242424242424243,5737,10,872,2092
shattered-pixel-dungeon,154293,6.328528072837633,13.809939301972685,2.969650986342944,5097,11,1203,174801
jimureport,251,6.166666666666667,2.25,1.0833333333333333,6879,6,1722,104673
FlexibleAdapter,15853,6.024539877300613,102.30981595092024,2.1134969325153374,3566,10,554,10850
red5-server,61605,5.353326063249727,53.79825517993457,1.4122137404580153,3385,12,1005,120064
oshi,32480,5.706924315619967,30.82608695652174,1.5571658615136876,4887,13,895,331588
Leaf,1305,3.475,11.25,1.425,6550,7,1853,149
NineOldAndroids,7585,4.2898550724637685,30.144927536231883,1.434782608695652,4480,14,1536,1207
java-eight-part,0,,,,6402,5,1016,308
xxl-job,8715,4.674698795180723,20.59036144578313,1.1325301204819278,28480,10,11115,37310
DependencyCheck,41420,7.0951417004048585,60.082995951417004,1.825910931174089,6812,13,1339,290717
javapoet,7543,4.515151515151516,129.2929292929293,1.1515151515151516,10857,12,1387,1954
grobid,63347,5.307829181494662,132.47686832740214,1.2526690391459074,3884,13,472,1637287
AndroidStaggeredGrid,4010,5.861111111111111,155.88888888888889,1.8611111111111112,4751,12,1122,878
guice,82831,3.403705636743215,8.225208768267223,1.2745302713987474,12584,11,1670,125176
Mybatis-PageHelper,7339,5.815642458100559,29.966480446927374,1.4245810055865922,12282,11,3135,5303
Sa-Token,24157,4.546153846153846,62.15692307692308,1.2907692307692307,17231,5,2675,7706
react-native-image-picker,811,6.181818181818182,66.18181818181819,1.5454545454545454,8528,10,2090,3238
PocketHub,6980,6.5754716981132075,9.04245283018868,1.4811320754716981,9388,14,3449,11945
spring-cloud-gateway,40533,6.723584108199493,16.97971259509721,1.3558748943364327,4614,9,3367,13198
CircleIndicator,1712,6.511111111111111,8.511111111111111,1.6222222222222222,4268,11,708,4407
scribejava,12671,4.208502024291498,10.935222672064777,1.4008097165991902,5452,15,1673,2624
jeepay,17165,8.801818181818183,4.290909090909091,1.94,5410,8,1828,6604
Douya,44643,5.586816720257235,28.39790996784566,1.607717041800643,4555,9,1144,25350
supertokens-core,105652,10.623430962343097,71.17573221757323,1.602510460251046,13975,5,568,61237
tsunami-security-scanner,8424,6.191637630662021,14.526132404181185,1.543554006968641,8360,5,899,904
jenkins,179370,6.017914110429448,46.32,1.9312883435582822,23772,15,9007,163874
realm-java,110167,4.425732217573222,51.74843096234309,1.211297071129707,11483,13,1754,65940
shiro,36690,5.09765625,19.712890625,1.75390625,4603,8,1786,418
FloatingActionButton,1014,5.666666666666667,37.592592592592595,1.8148148148148149,5214,10,1128,3389
Robust,2953,3.5238095238095237,17.357142857142858,1.2619047619047619,4438,8,808,26253
aurora-imui,17789,4.807017543859649,50.26900584795322,1.5292397660818713,5712,9,998,11470
NewbieGuide,1896,4.3076923076923075,10.435897435897436,1.1794871794871795,3588,8,522,795
jetlinks-community,47787,8.603597601598935,12.62491672218521,1.2365089940039973,5828,5,1733,69036
robolectric,215869,5.842949547218629,71.29857697283312,1.3692108667529108,5942,15,1374,62540
DiskLruCache,1937,3.25,11.0,1.3333333333333333,5786,13,1177,416
vhr,2971,4.4361702127659575,48.329787234042556,1.0212765957446808,27668,7,10303,8480
FileDownloader,14387,4.5278810408921935,42.014869888475836,1.687732342007435,11079,10,2208,40720
gephi,125597,4.465466722478024,24.683968187526162,1.675177898702386,6059,14,1578,654674
chunjun,105376,7.210307131702239,21.155648099947943,1.5543987506507027,4036,7,1699,132442
jna,106756,4.878916172734971,44.94453852667231,2.535563082133785,8653,14,1684,702645
CameraView,21155,5.597378277153558,34.762172284644194,1.3745318352059925,5021,8,952,30122
androidannotations,28796,5.965696465696466,26.124740124740125,1.6933471933471933,11043,13,2343,22510
eureka,32879,5.936657681940701,18.57277628032345,1.2695417789757413,12511,13,3763,12481
dropwizard,39853,6.01021152443472,19.23851203501094,1.536834427425237,8525,14,3441,112670
junit5,98790,4.629282576866764,35.421376281112735,1.3080527086383602,6556,10,1531,700655
BackgroundLibrary,8029,4.7899159663865545,34.1764705882353,1.2100840336134453,3874,7,470,14430
pinot,488081,7.1319269521410575,50.15743073047859,1.4581234256926952,5683,11,1345,325033
AutoDispose,5399,7.796992481203008,20.76691729323308,1.3759398496240602,3371,9,228,12520
spider-flow,8748,5.385093167701863,20.32919254658385,1.7329192546583851,9866,5,1906,3382
Calligraphy,968,5.72,11.36,1.44,8584,12,1091,1523
DSA-Bootcamp-Java,6615,1.2924901185770752,3.5177865612648223,1.08300395256917,18619,4,11752,101640
Android-PickerView,4421,3.7252747252747254,15.494505494505495,1.1538461538461537,13471,11,3457,6389
Play-with-Algorithms,5586,2.8796992481203008,5.466165413533835,1.0075187969924813,3684,9,1464,112003
AntennaPod,50585,7.493150684931507,21.68368617683686,1.4943960149439601,6800,13,1446,113142
ChatKit,4680,5.768518518518518,35.48148148148148,2.8981481481481484,3707,8,833,6136
SimplifyReader,34709,4.555379746835443,60.29430379746835,1.3876582278481013,4576,10,1605,62804
CustomActivityOnCrash,893,5.4,32.333333333333336,1.3333333333333333,3749,11,543,622
LeetCode,3275,1.2269503546099292,0.6950354609929078,1.0,75780,7,13980,509807
concurrency-limits,5131,4.609375,8.28125,1.28125,3314,8,312,826
MaterialViewPager,1616,4.545454545454546,9.386363636363637,1.2954545454545454,8120,10,1478,19557
angel,204252,7.522062732589048,64.09994683678894,1.7373737373737375,6752,8,1594,93424
Toaster,1382,4.5,39.5,1.3529411764705883,3326,7,411,55667
LitePal,11830,5.009950248756219,49.44776119402985,1.6517412935323383,8107,12,1586,5433
JSqlParser,42800,6.412073490813648,518.6535433070866,1.5603674540682415,5609,14,1374,13186
android-interview-questions,5,0.0,0.0,1.0,11728,8,2298,1373
Android-ZBLibrary,14727,5.377358490566038,26.666666666666668,1.559748427672956,5561,10,1378,32789
NavigationTabBar,2538,4.017241379310345,57.5,1.3103448275862069,4948,9,875,389
closure-compiler,316306,6.766740250183958,1252.3200883002207,1.5125091979396614,7488,11,1161,185423
Android-Week-View,2003,3.6296296296296298,238.33333333333334,1.2592592592592593,3436,11,1226,814
iotdb,694990,8.120936604807573,100.5761614148711,1.6207497820401047,5712,7,1037,311874
LQRWeChat,17612,5.005181347150259,18.935233160621763,1.4170984455958548,3409,8,1069,120743
midjourney-proxy,2787,5.9,5.811111111111111,1.2444444444444445,4981,2,2414,5859
PermissionsDispatcher,3184,1.6218487394957983,34.378151260504204,1.226890756302521,11228,10,1438,3009
ShowcaseView,2086,5.384615384615385,17.815384615384616,1.4,5590,13,1285,15237
spring-boot,389502,5.283882097052427,12.498762469061727,1.2909322733068327,76533,13,41000,186444
MifareClassicTool,6633,11.090909090909092,106.03030303030303,2.272727272727273,5018,12,934,7542
InternetArchitect,44806,4.661870503597123,63.19856115107914,1.1568345323741007,4257,6,2862,298764
SpringBoot-Shiro-Vue,633,5.777777777777778,9.444444444444445,1.4074074074074074,4603,8,1786,418
zxing-android-embedded,5169,5.4375,21.916666666666668,1.3645833333333333,5827,13,1280,8388
dynamic-tp,16424,4.848598130841122,17.90093457943925,1.2953271028037383,4268,3,837,16912
spring-boot-best-practice,1924,4.734104046242774,3.1445086705202314,1.092485549132948,4725,7,1296,218
proxyee-down,3392,5.516666666666667,19.516666666666666,1.4666666666666666,24901,8,4426,26864
ctci,11244,1.9581993569131833,5.096463022508039,1.1189710610932475,11402,10,4419,21487
jacoco,36232,4.1,12.59032258064516,1.424731182795699,4299,13,1162,11652
initializr,30861,5.995856353591161,32.98480662983425,1.2665745856353592,3521,12,1753,10992
spring-reading,3080,2.8448275862068964,0.5448275862068965,1.0275862068965518,9296,2,1154,2808
roboguice,74026,4.714842578710645,7.127736131934033,1.3865067466266867,3758,13,824,70278
spring-cloud-alibaba,18791,5.83445945945946,29.576013513513512,1.1097972972972974,28320,8,8385,55608
chatgpt-java,3866,6.741293532338308,11.930348258706468,1.099502487562189,3632,3,713,464
logging-log4j2,164477,5.476472329091447,46.015389168393014,1.5217519976324356,3442,12,1648,128288
DDComponentForAndroid,1449,3.0980392156862746,6.705882352941177,1.3137254901960784,3332,8,570,1060
allure2,7945,6.029850746268656,11.485074626865671,1.3059701492537314,4494,9,730,14864
floatingsearchview,4170,3.5703703703703704,26.28148148148148,1.1777777777777778,3540,10,667,7915
hawk,834,3.6153846153846154,12.961538461538462,1.0384615384615385,3985,10,392,967
azkaban,93837,6.478565861262665,35.84021823850351,1.3522992985190958,4490,13,1588,57554
canal,112533,5.7929389312977095,77.43034351145039,1.3845419847328244,28914,12,7648,24135
MagicIndicator,4533,5.0,26.941747572815533,1.3398058252427185,9766,9,1552,54749
ThreeTenABP,117,4.285714285714286,1.4285714285714286,1.4285714285714286,3564,10,134,431
byte-buddy,283859,5.977596075224857,14.885690923957482,1.57448896156991,6442,12,813,1005907
1brc,53431,3.2983333333333333,7.58,1.09,6836,2,1990,2744
mlkit,9234,7.584269662921348,7.51123595505618,1.4943820224719102,3739,5,2975,47635
VasSonic,7421,4.198198198198198,21.61261261261261,1.2792792792792793,11851,8,1616,16215
jvm,5,0.0,0.0,1.0,10671,7,2290,66117
Alink,475010,6.434756022991317,34.69560963678611,1.627491745138804,3596,7,801,18863
springside4,12842,3.165079365079365,24.784126984126985,1.276190476190476,5699,13,2898,4837
ticker,1581,4.612903225806452,27.612903225806452,1.3225806451612903,4386,9,464,1681
SmoothProgressBar,2208,4.854166666666667,26.3125,1.2291666666666667,4513,12,1004,15681
Jetpack-MVVM-Best-Practice,3691,4.840336134453781,12.0,1.6218487394957983,8912,6,1647,10737
VirtualApp,46624,3.9577464788732395,15.611267605633802,2.5880281690140845,10457,9,2937,35194
vlayout,14042,5.314465408805032,72.54088050314465,1.8553459119496856,10790,8,1792,1726
groupie,3898,5.096774193548387,29.903225806451612,1.8279569892473118,3666,9,295,678
android-gpuimage,6341,2.9607843137254903,11.300653594771243,2.156862745098039,9072,13,2274,1368
tinker,40089,4.8108108108108105,28.434362934362934,1.606177606177606,17259,9,3346,7039
webmagic,8794,4.534883720930233,11.465116279069768,1.183139534883721,11524,12,4175,17420
react-native-push-notification,1884,6.310344827586207,15.482758620689655,1.2413793103448276,6777,10,2054,1688
android-iconify,909,3.511627906976744,5.186046511627907,1.2325581395348837,3937,12,525,3689
MaterialEditText,3385,5.653846153846154,742.8461538461538,1.3076923076923077,6103,11,1041,1260
AndroidSlidingUpPanel,2011,4.9411764705882355,132.0,1.3529411764705883,9509,12,2262,2861
JS-Sorting-Algorithm,389,3.5833333333333335,2.8333333333333335,1.0,5172,8,1149,3636
arthas,47677,4.798107255520505,36.337539432176655,1.3564668769716088,36084,7,7538,55354
armeria,281767,6.394322284213981,34.13898916967509,1.3203150639973744,4884,10,938,252344
parceler,10156,4.697727272727272,16.588636363636365,1.35,3549,12,272,1565
Android-ConvenientBanner,848,4.827586206896552,7.793103448275862,1.4482758620689655,4770,11,1051,12540
UltraViewPager,1518,5.208333333333333,58.375,1.375,4998,8,681,8873
Android-PullToRefresh,3567,6.024390243902439,55.84146341463415,2.1097560975609757,8701,14,4686,4286
incubator-seata,221486,6.701186943620178,562.3700296735905,1.8516320474777448,25553,7,8805,25946
COLA,7999,4.260956175298805,3.693227091633466,1.3585657370517927,12298,7,3140,3805
FirebaseUI-Android,13274,9.788732394366198,12.338028169014084,1.9577464788732395,4667,10,1843,28576
My-Blog,2411,4.758620689655173,29.551724137931036,1.0517241379310345,3759,6,999,30373
MyBatis-Spring-Boot,396,5.2,5.2,1.25,3368,10,1584,152
BoomMenu,7710,5.6347826086956525,227.6695652173913,1.5739130434782609,5803,9,1152,103934
ffmpeg-android-java,1306,2.9148936170212765,7.723404255319149,1.446808510638298,3338,11,831,90083
android-Ultra-Pull-To-Refresh,5476,4.055900621118012,19.142857142857142,1.4161490683229814,9580,11,2650,3474
spring-mvc-showcase,1281,5.172413793103448,9.448275862068966,1.206896551724138,4982,14,3690,765
okdownload,18986,6.440233236151603,35.25947521865889,1.2653061224489797,5216,8,780,8129
material-theme-jetbrains,14517,4.3277310924369745,84.42296918767506,2.2549019607843137,7804,10,448,148338
gnirehtet,4330,3.765432098765432,14.296296296296296,1.1851851851851851,6671,8,618,1036
TakePhoto,2403,5.054545454545455,10.89090909090909,1.2545454545454546,7243,10,1506,11513
pmd,143002,5.669182389937107,44.09308176100629,2.063647798742138,5013,13,1508,511160
Linkage-RecyclerView,2552,6.4,10.386666666666667,1.5466666666666666,3653,6,462,761
AndroidProject,20468,7.215083798882682,19.18435754189944,2.142458100558659,6589,7,1378,89374
ScalingLayout,631,3.3333333333333335,4.333333333333333,1.2222222222222223,3321,8,317,8367
ion,9443,4.577854671280277,23.598615916955016,1.4602076124567474,75780,7,13980,509807
spruce-android,4269,4.860655737704918,5.352459016393443,1.3688524590163935,3720,8,366,8169
pentaho-kettle,770352,5.920253164556962,80.20117540687161,1.267992766726944,7925,12,3508,694022
RxJava-Android-Samples,2633,6.627906976744186,9.19767441860465,1.8255813953488371,7538,11,1373,1188
sofa-rpc,71513,5.106299212598425,24.477690288713912,1.3241469816272966,3862,7,1184,4212
incubator-kie-optaplanner,156398,7.22143517092701,48.83738835848475,1.8589467200492762,3363,14,958,243786
java,1926765,6.890270867882808,198.68177630366685,1.5094895890915792,148840,7,45770,176665
ImagePicker,3685,5.828947368421052,23.07894736842105,1.486842105263158,4302,9,1032,21059
SwitchButton,1543,4.37037037037037,82.48148148148148,1.4074074074074074,4731,11,867,12162
barcodescanner,2796,5.287671232876712,11.821917808219178,1.643835616438356,5454,11,1432,10971
SwipeDelMenuLayout,1085,3.1,5.2,1.25,3744,9,640,5660
Android-Debug-Database,2393,4.147540983606557,8.80327868852459,1.278688524590164,8465,9,872,1697
calcite,358197,7.6215778097982705,359.2869236311239,1.7037103746397695,4766,11,2396,105742
Luban,1088,2.9655172413793105,10.862068965517242,1.1724137931034482,13631,9,2247,5029
blog_demos,51994,4.005512679162073,15.173098125689085,1.2094818081587653,4636,8,1877,247898
zeppelin,188724,5.754580520732883,43.50867888138862,1.2396335583413693,6472,10,2817,107073
esProc,438483,6.81071964017991,97.70089955022489,2.249250374812594,4628,4,344,1099327
eladmin,8076,7.97887323943662,6.426056338028169,1.158450704225352,21557,7,7383,7490
StickyListHeaders,2112,4.813953488372093,3.9767441860465116,1.3953488372093024,5501,13,1513,3866
caffeine,82248,4.73955960516325,146.89217919514047,1.6264236902050113,16413,11,1626,108296
xUtils3,12561,5.224770642201835,27.44954128440367,1.408256880733945,5980,10,1979,9041
coursera-android,18209,4.238486842105263,3.3371710526315788,1.5,4278,11,5281,22558
javacv,26955,6.121076233183857,133.99103139013454,2.1300448430493275,7723,11,1604,7935
sofa-jraft,143536,6.28561872909699,74.67759197324415,1.4668896321070235,3666,6,1164,3089
HTextView,3076,4.197802197802198,3.4835164835164836,1.5604395604395604,5640,10,813,9880
Pixiv-Shaft,37050,4.8938388625592415,24.365876777251184,1.4464454976303318,5233,6,195,174951
DropDownMenu,513,4.526315789473684,2.1578947368421053,1.368421052631579,3591,10,786,14892
source-code-hunter,0,,,,22565,6,4172,70615
hello-algo,7700,1.8744186046511628,4.706976744186046,1.0,110897,3,13820,359894
smile,101057,5.694444444444445,103.91366366366367,1.3633633633633633,6146,11,1138,256738
OpenSearch,1200892,7.434596542598119,38.040148657018975,1.732867841657751,10388,4,1967,576309
undertow,162037,5.148053605615827,36.200382897255906,1.2351627313337588,3629,13,1012,27346
baseAdapter,1563,4.88,18.28,1.32,4721,10,1195,724
camunda,544706,7.34158149542765,27.891569968493044,1.4471682163989856,4190,12,1603,165139
LiveEventBus,7782,3.227272727272727,4.035714285714286,1.1103896103896105,3930,7,553,2678
emojicon,2971,5.153846153846154,6.769230769230769,1.564102564102564,3610,11,817,9713
streampark,25881,7.522167487684729,18.334975369458128,1.284072249589491,4021,6,1025,62171
keepass2android,67017,4.420776495278069,42.25813221406086,1.6547743966421826,5078,8,402,88819
transmittable-thread-local,6932,5.587096774193548,12.35483870967742,1.4322580645161291,7885,12,1703,3638
MyBookshelf,48375,6.336322869955157,58.66218236173393,1.4693572496263079,7594,7,1816,27255
austin,6538,6.2298850574712645,1.4511494252873562,1.1235632183908046,5653,4,1395,20073
wechat,34125,5.211023622047244,15.067716535433071,1.2503937007874015,7209,10,2212,660
android-times-square,2286,4.553191489361702,25.872340425531913,1.2340425531914894,4437,12,1185,1541
dialogplus,1047,5.241379310344827,57.86206896551724,1.0344827586206897,4994,11,791,6790
views-widgets-samples,7344,4.019736842105263,7.0131578947368425,1.730263157894737,5112,6,3005,63749
vjtools,18382,3.134564643799472,26.30079155672823,1.2770448548812665,7649,7,1524,2108
yacy_search_server,149460,5.788011695906433,43.08991228070175,1.3932748538011697,3513,10,447,827141
matrix,79032,5.724335965541996,12.894472361809045,1.3424264178033023,11768,7,1893,199709
android-lifecycle,481,7.0,151.66666666666666,1.6666666666666667,5274,11,677,3027
Terasology,111591,6.1099644128113875,25.027046263345195,1.4430604982206405,3713,14,1344,305766
hbase,935128,8.13445673161313,69.44023170089521,1.4927154642794453,5310,11,3342,497365
deeplearning4j,545120,8.543717324680006,55991.24319451956,2.2139895438976023,13881,12,3846,751396
mall-swarm,101601,3.779816513761468,1107.6788990825687,1.2319790301441678,12211,6,5355,54597
apollo,32879,7.162310866574965,14.785419532324621,1.265474552957359,29385,9,10225,56556
mybatis-plus,37699,5.870707070707071,25.55757575757576,1.3282828282828283,16732,9,4345,30762
RecyclerViewPager,2735,4.309859154929577,9.971830985915492,1.4929577464788732,3520,10,665,3248
microservices-platform,7900,6.3,6.566666666666666,1.2472222222222222,4639,6,1690,300842
android-butterknife-zelezny,1626,4.926829268292683,11.317073170731707,1.6585365853658536,3372,12,411,748
lamp-cloud,18563,7.740560292326431,7.110840438489647,1.2789281364190013,5584,7,1749,47141
flowable-engine,517486,6.566621803499327,150.57144459398833,1.6049798115746972,8304,9,2689,232499
JSON-java,11883,3.202247191011236,305.0674157303371,1.2247191011235956,4591,15,2569,3109
circular-progress-button,1429,3.9743589743589745,25.333333333333332,1.2820512820512822,5769,11,1181,962
jodd,26882,4.027472527472527,12.949175824175825,1.4464285714285714,4061,13,724,42823
alluxio,252441,6.89170392449081,30.66616989567809,1.466467958271237,6961,13,2945,205627
serve,18747,5.800796812749004,63.91633466135458,1.4661354581673307,9546,11,3848,19570
BigData-Notes,2124,5.714285714285714,0.8181818181818182,1.2207792207792207,16285,6,4274,24052
BGARefreshLayout-Android,5450,5.148148148148148,9.796296296296296,1.4074074074074074,4311,10,999,7569
blossom,13353,5.732718894009216,6.993087557603687,1.3456221198156681,3383,2,286,63128
reactor-core,201831,6.926008968609866,122.91076233183857,1.6040358744394618,5059,10,1224,65252
small-spring,9671,3.3169398907103824,11.617486338797814,1.2540983606557377,4742,4,1403,10594
brigadier,4312,6.635294117647059,44.55294117647059,1.1529411764705881,3515,11,401,470
Infinity-For-Reddit,92553,6.87100977198697,29.191530944625406,1.6136807817589576,4527,7,422,29318
interview,27259,2.0134932533733134,3.4092953523238383,1.0374812593703149,64030,8,12916,24091
hello-algorithm,49,1.0,0.0,1.0,35527,5,6470,365053
SpringCloud-Learning,13492,5.878594249201278,28.642172523961662,1.0447284345047922,7376,9,2881,1265
GmsCore,53179,5.611396011396011,14.494017094017094,1.656980056980057,9590,11,1845,12416
vert.x,146050,6.237477902180318,181.80671773718328,1.469063052445492,14440,14,2088,118068
android-mvp-architecture,4049,5.815068493150685,14.10958904109589,1.3835616438356164,4444,8,1244,6144
AndroidVideoCache,3217,4.8311688311688314,14.324675324675324,1.4935064935064934,5459,10,1169,116062
react-native-splash-screen,246,3.4166666666666665,2.0,1.25,5640,9,1104,3912
jitsi,196408,5.4156046005595275,39.3705315511346,1.9036369288156667,4192,12,980,579362
SuperTextView,4733,3.3916666666666666,86.58333333333333,1.15,3773,9,591,25933
reactive-streams-jvm,15738,3.122004357298475,20.335511982570807,1.2766884531590414,4833,11,535,1846
ViewPagerIndicator,2947,6.015151515151516,29.272727272727273,2.712121212121212,10120,14,4001,8657
powermock,32874,3.471518987341772,22.796677215189874,1.2428797468354431,4180,11,588,5949
hive,2073629,6.93304704274839,99.73828811243412,1.4065488971305875,7704,10,638,897
mall-learning,14277,4.864754098360656,234.01639344262296,1.1065573770491803,13098,6,8331,39420
java-jwt,8924,5.662790697674419,142.74418604651163,1.627906976744186,5995,11,934,1516
tech-weekly,996,2.1343283582089554,2.298507462686567,1.0298507462686568,3956,7,711,19489
bundletool,54318,9.691867124856815,82.60366552119129,1.268041237113402,3667,7,394,10812
android-tips-tricks,22,1.0,0.0,1.0,4735,9,576,34241
lanproxy,2668,4.238095238095238,8.206349206349206,1.1904761904761905,5726,9,1550,9573
mybatis-generator-gui,3047,7.17948717948718,69.94871794871794,1.4871794871794872,6699,9,2534,14934
GeekNews,11939,4.626423690205011,10.009111617312072,1.4464692482915718,3503,9,822,83845
Gadgetbridge,242946,5.397952218430034,38.69419795221843,1.8486916951080774,4315,10,654,60912
Aliucord,5137,7.780487804878049,73.64634146341463,1.4878048780487805,3963,4,173,82236
itstack-demo-design,3983,2.1906976744186046,5.325581395348837,1.1116279069767443,6570,5,1953,1827
maven,149008,5.493555946104276,45.05799648506151,1.5905096660808435,4547,16,2724,85563
spring-analysis,378,2.4242424242424243,1.7878787878787878,1.2424242424242424,13608,9,4183,4951
ByteLegend,104032,6.979661016949152,727.8440677966101,1.0033898305084745,3695,4,144,71743
kestra,57219,8.208309290248124,13.198499711482977,1.4316214656664743,16552,6,1397,56209
MagicaSakura,5367,8.297619047619047,25.44047619047619,1.6785714285714286,3549,9,465,3043
spotbugs,215812,4.157945363601385,25.9772989611389,1.3811081185071181,3601,9,612,146484
JustAuth,6054,5.51010101010101,12.984848484848484,1.3434343434343434,16814,6,2795,9643
opengrok,70092,5.337801608579088,78.85701519213583,1.5594280607685433,4476,12,768,489270
helidon,368572,5.548463624039765,23.96497966561229,1.4305241753276097,3603,7,568,110173
zotfile,0,,,,4150,14,289,10517
JeecgBoot,44189,7.130922693266833,52.728179551122196,1.180798004987531,41975,7,15181,71679
datahub,140160,11.14446002805049,16.69389901823282,1.1946002805049087,10443,10,3070,404689
LoadingDrawable,4428,6.507692307692308,15.830769230769231,1.4461538461538461,4112,9,634,13846
JCSprout,4399,1.962962962962963,1.7654320987654322,1.0925925925925926,27110,8,7075,1191
databus,124341,5.478232189973615,46.73482849604222,1.3634564643799472,3659,13,738,51191
mit-deep-learning-book-pdf,2,0.0,0.0,1.0,13215,8,2775,43571
bytecode-viewer,22591,4.762124711316397,13.290993071593533,2.0554272517321017,14912,11,1172,648615
bistoury,73638,4.900073475385746,21.41587068332109,1.281410727406319,4060,6,832,32465
debezium,203533,6.805239898989899,56.030618686868685,1.6076388888888888,11210,9,2624,59825
tomcat,356760,4.5548872180451125,136.44554242749732,1.804296455424275,7757,14,5126,176485
kubernetes-client,359028,22.316963696369637,84.15458745874588,1.113003300330033,3713,8,1971,52336
material,27346,6.511475409836065,54.49508196721312,1.6459016393442623,16625,9,3118,153422
uid-generator,873,2.88,11.72,1.28,5509,8,1564,390
Discovery,26230,4.7898550724637685,18.80072463768116,1.2717391304347827,5700,7,1431,237213
SmartCropper,1021,6.25,122.5,1.3333333333333333,4046,8,747,249118
awesome-java-leetcode,1772,1.6805555555555556,1.1666666666666667,1.0,8708,8,1725,512
starrocks,673680,7.391334977104615,127.12116942585418,1.4874955970412116,9712,4,1941,479672
android-crop,1676,4.290322580645161,26.483870967741936,1.3870967741935485,4542,11,1074,2835
jjwt,15898,5.643382352941177,26.303308823529413,2.0,10548,11,1348,3137
Android-BluetoothKit,8347,4.074688796680498,18.70124481327801,1.2406639004149378,3627,10,747,3989
pig,7499,7.15934065934066,5.2967032967032965,1.3131868131868132,13426,10,6197,1512
XChange,153604,5.844763940159316,24.827860889838743,1.5049543423353409,17683,13,3938,10135
ExplosionField,343,4.9,4.3,1.5,3596,10,575,1570
dubbo-admin,9893,4.608695652173913,24.182608695652174,1.3782608695652174,4015,7,2158,14308
BookReader,30914,4.798283261802575,25.32331902718169,1.4377682403433476,6647,9,1882,31940
springboot-learning-example,1666,4.684210526315789,2.675438596491228,1.043859649122807,16449,8,7126,407
greenDAO,18545,5.019230769230769,47.4532967032967,2.1016483516483517,12623,14,2887,7353
spring-cloud-netflix,8533,7.208333333333333,85.81060606060606,1.2159090909090908,4901,11,2450,20614
dolby_beta,7302,4.145945945945946,7.951351351351351,1.454054054054054,4070,5,237,101223
thumbnailator,19559,4.062780269058296,93.55156950672645,1.2376681614349776,5239,10,797,11405
LSPosed_mod,24128,5.588366890380313,50.20134228187919,1.6241610738255035,4074,3,202,21897
nanohttpd,7106,4.340277777777778,22.15972222222222,1.7916666666666667,7048,13,1706,1375
doris,623289,8.244856701153527,103.9148531335474,1.7274348911880129,13366,8,3384,1033138
easypermissions,1705,8.93939393939394,12.212121212121213,1.4848484848484849,9889,10,1457,635
concurrent,0,,,,4530,7,610,12619
jd-gui,19309,4.538083538083538,11.115479115479115,2.4176904176904177,14385,10,2419,56989
JFoenix,24546,6.92,22.084705882352942,1.6235294117647059,6314,10,1053,28243
dubbo,247887,5.401615575807788,46.56317315658658,1.2949461474730737,40840,13,26500,59610
AndroidImageSlider,3813,4.063492063492063,59.095238095238095,1.5714285714285714,5624,11,1654,2165
spring-boot-examples,4421,4.712074303405573,4.2972136222910216,1.0247678018575852,30408,9,12340,1074
AmazeFileManager,31775,7.295711060948081,28.756207674943568,1.4492099322799097,5503,11,1599,62355
dynamic-load-apk,2620,5.806451612903226,9.419354838709678,1.4516129032258065,6019,11,1995,8956
ViewPagerCards,240,5.333333333333333,2.2222222222222223,1.5555555555555556,4067,9,608,105
SpringBoot-Learning,2813,4.4758364312267656,1.4758364312267658,1.0260223048327137,16449,8,7126,407
Android-skin-support,19543,6.1330049261083746,17.63054187192118,1.3916256157635467,6463,8,1091,54130
jvm-sandbox,14407,3.4827586206896552,12.360919540229885,1.3264367816091953,6860,8,1575,1874
ipscan,12555,4.97911227154047,4.130548302872063,1.6657963446475197,4368,14,743,117513
mybatis,39118,3.7844080846968238,21.467757459095285,1.302213666987488,20011,12,12923,158361
TinyPinyin,1401,2.0615384615384613,8.753846153846155,1.0923076923076922,3859,10,484,619
RippleEffect,504,3.4210526315789473,23.157894736842106,1.368421052631579,4920,11,1078,833
ahbottomnavigation,2339,5.108695652173913,57.47826086956522,1.173913043478261,3835,9,685,5644
ShineButton,988,4.833333333333333,23.625,1.625,4220,9,547,2525
Skeleton,752,3.727272727272727,4.606060606060606,1.2424242424242424,3697,8,456,17001
clojure,46790,3.599781897491821,130.31079607415487,1.495092693565976,10576,15,1469,18176
JavaTutorial,14,0.3333333333333333,0.3333333333333333,1.0,6861,7,1588,4882
EffectiveAndroidUI,1923,4.438356164383562,11.616438356164384,1.3424657534246576,6024,11,1191,994
JavaGuide,0,,,,148840,7,45770,176665
zheng,41742,4.530451866404715,340.8565815324165,1.4086444007858545,79613,7,29114,58700
Timeline-View,418,9.0,453.5,1.5,3854,10,645,23276
epoxy,48297,7.5371248025276465,147.74565560821486,1.7298578199052133,8538,9,727,34091
ASimpleCache,1993,4.448275862068965,38.51724137931034,1.4482758620689655,3684,12,1241,719
FizzBuzzEnterpriseEdition,894,2.901098901098901,0.23076923076923078,1.0,22247,13,772,340
spring-boot-admin,13914,7.638297872340425,7.163829787234042,1.2553191489361701,12510,11,3081,78337
haven,4561,6.822784810126582,11.772151898734178,1.3924050632911393,6672,8,730,24387
killbill,150730,8.644817697664891,28.257681278164686,1.7783695206882426,4789,13,810,681505
ARouter,3165,3.693877551020408,17.448979591836736,1.4081632653061225,14473,9,2616,26589
subsampling-scale-image-view,4262,5.625,79.72222222222223,1.5833333333333333,7940,12,1209,57935
cim,4991,4.823863636363637,6.403409090909091,1.2727272727272727,9385,7,2862,34954
langchain4j,101736,5.8835422563687825,15.547108774767489,1.173069146785281,6576,2,1230,12789
react-native-webrtc,4045,6.08955223880597,8.388059701492537,1.1492537313432836,4763,10,1256,431969
jetty.project,580183,5.4843776389123455,26.67260597871981,1.6251477790913698,3900,14,1939,265111
vavr,64963,8.437106918238994,1157.4009433962265,1.259433962264151,5869,11,643,23304
fastjson,206496,1.8482693219535324,126.12122648964754,1.5043464517148728,25774,14,6490,15513
springfox,32106,5.6863436123348015,23.272246696035243,1.120704845814978,5937,13,1536,186279
android-hidden-api,478,8.0,56.5,1.0,3492,10,646,334972
react-native-linear-gradient,488,5.315789473684211,10.68421052631579,1.631578947368421,4915,10,700,2251
mapstruct,93835,3.787628405538187,10.595355069227333,1.168602054488611,7280,13,976,10944
Launcher3,60130,7.247474747474747,63.68080808080808,1.4777777777777779,3865,8,647,129066
greys-anatomy,10774,4.066666666666666,6.770833333333333,1.1541666666666666,4028,13,1212,1769
bitcoin-wallet,18379,7.532299741602067,5.41343669250646,1.7131782945736433,3862,13,2131,42022
hadoop,1662880,7.418933722840971,69.86721745481103,1.6190432718641592,14999,11,9020,592507
resilience4j,60583,6.987928843710292,18.32528589580686,1.4834815756035578,10049,10,1381,8413
react-native-config,428,4.565217391304348,1.9565217391304348,1.391304347826087,4876,9,661,3835
sticky-headers-recyclerview,808,4.620689655172414,3.2413793103448274,1.2758620689655173,3745,11,754,337
Iris,37853,6.315038419319429,22.63885839736553,1.3161361141602634,3439,5,659,57846
crawler4j,4736,5.27710843373494,55.89156626506024,1.3132530120481927,4581,14,1926,1186
shopizer,53489,8.047039740470398,34.145174371451745,1.6796431467964315,3668,13,3079,566507
IoT-Technical-Guide,5235,4.085034013605442,3.163265306122449,1.248299319727891,4271,6,1075,1361
metersphere,315289,6.694844789356985,448.6809866962306,1.3007206208425721,11910,5,2648,420767
migration,101,1.4166666666666667,0.08333333333333333,1.0,3439,5,566,6167
advanced-java,0,,,,77283,7,19167,33737
pinpoint,283488,5.141392757660167,11.635208913649025,1.1460724233983286,13550,11,3775,262046
GravitySnapHelper,610,6.375,57.875,1.75,5005,9,617,83050
effective-java-3e-source-code,3018,1.1287128712871286,1.3267326732673268,1.188118811881188,3954,7,1971,89
Timber,21859,5.399558498896247,19.748344370860927,1.4613686534216335,7034,10,2157,17485
disruptor,13167,4.480487804878049,25.882926829268293,1.2902439024390244,17683,13,3938,10135
sweet-alert-dialog,943,4.375,31.0625,1.25,7258,11,1934,1694
plantuml,184912,7.163339382940109,37.235416126523205,1.5390199637023594,11163,15,1018,330410
zaproxy,182056,4.732988460007959,69.5758058097891,1.9319538400318346,13366,10,2342,200003
seatunnel,236019,6.786798528058878,32.01931922723091,1.3608555657773689,8364,8,1927,43337
JCTools,37082,4.601522842639594,19.965736040609137,3.9086294416243654,3633,12,570,7891
termux-app,24560,5.906542056074766,60.82554517133956,1.4299065420560748,39956,10,4287,4408
XUI,91066,5.7911888955944475,52.71031985515993,1.5497887748943875,4978,6,851,286905
libsvm,3152,3.264705882352941,19.61764705882353,1.3529411764705883,4614,12,1636,9765
incubator-heron,73143,5.503355704697986,20.66275167785235,1.4289709172259508,3629,10,593,183934
EventBus,5269,3.4262295081967213,9.05464480874317,1.8360655737704918,24741,13,4672,1742
TwinklingRefreshLayout,6273,4.28476821192053,36.271523178807946,1.3708609271523178,4002,9,670,82617
beam,719883,7.401688706773452,19.412615632954616,1.5341156019122122,8046,9,4318,788476
redisson,159161,5.853082318198597,167.06201550387595,1.3237356958287192,23687,11,5421,30534
netty-learning,68759,4.990549828178694,39.24914089347079,1.668384879725086,3554,12,1191,3362
geoserver,749366,7.2106137364006315,43.63923262187526,1.8385516153143426,3985,14,2205,318481
fresco,61598,6.876330876330877,26.45945945945946,1.402948402948403,17099,10,3758,77524
agera,10897,6.327586206896552,14.844827586206897,1.2413793103448276,7179,10,634,968
VirtualAPK,7981,4.895705521472393,17.57668711656442,1.6134969325153374,9017,8,1529,1010
automq,646460,7.199236726905377,46.252665843529016,1.41194297900999,4665,2,306,185811
JAViewer,6309,5.787709497206704,11.64804469273743,1.5977653631284916,4613,9,696,2335
atmosphere,36660,5.496626180836707,55.02564102564103,1.3076923076923077,3708,15,757,113410
halo,51855,7.500632911392405,6.826582278481013,1.2443037974683544,35039,7,9841,75518
Suwayomi-Server,25767,4.956204379562044,313.22627737226276,1.7116788321167884,4752,5,227,48009
aeron,117713,7.646734854445318,112.50983477576712,1.2832415420928402,7637,11,912,70587
VirtualXposed,47736,3.9697178251892637,14.695801789401239,2.792842395044735,15629,8,2505,49794
Paper,158380,6.604224289665577,116.90042745788283,1.7002765903947699,10658,9,2469,112712
onedev,281040,5.76062893081761,22.851446540880502,1.4051572327044026,13790,7,883,224561
SwipeBackLayout,1635,5.222222222222222,61.333333333333336,1.3888888888888888,6120,12,1399,2934
Spring-Boot-In-Action,2714,3.8656716417910446,6.007462686567164,1.1194029850746268,4706,6,1495,15827
xboot,10265,7.415472779369628,2.656160458452722,1.2120343839541547,3862,7,1305,5309
mybatis-3,60362,3.6065479609419873,20.9862148190695,1.2389431361286616,20011,12,12923,158361
aviatorscript,37352,4.679389312977099,60.982824427480914,1.498091603053435,4769,14,870,13142
APIJSON,13287,5.582089552238806,1181.402985074627,1.2686567164179106,17580,9,2194,73336
java-learning,10984,1.0849933598937582,0.5962815405046481,1.2868525896414342,4266,9,1206,800
dagger,7989,3.155940594059406,6.00990099009901,1.2301980198019802,7304,13,3072,6861
logisim-evolution,157454,6.059044551798175,28.32957595276436,2.5308641975308643,5530,11,700,116882
uncle-novel,16991,7.289962825278811,10.41635687732342,1.657992565055762,3319,7,508,90990
flink-cdc,108857,8.085379464285714,29.765625,1.4592633928571428,6006,5,2007,41337
moco,17542,5.819757365684575,34.65684575389948,1.5389948006932408,4393,13,1089,6078
springBoot,6409,5.212121212121212,15.852272727272727,1.1477272727272727,19476,7,6079,1813
BadgeView,1759,4.3428571428571425,49.885714285714286,1.3142857142857143,3980,8,541,9326
awesome-leetcode-resources,360,1.1818181818181819,4.7272727272727275,1.0,9001,2,2184,246
FastHub,40321,8.046038543897216,34.75695931477516,1.5663811563169165,5715,8,925,19973
gpmall,8865,4.971698113207547,8.169811320754716,1.3584905660377358,4950,6,1882,56925
Music-Player,926,4.40625,5.03125,1.75,3517,9,700,24772
springboot-guide,1507,4.172661870503597,1.3597122302158273,1.1870503597122302,5213,7,1405,5354
my-site,3473,6.188888888888889,34.78888888888889,1.1888888888888889,3354,7,1055,6362
cardslib,32257,5.901356350184956,18.620221948212084,2.177558569667078,4650,12,1189,30628
async-http-client,28800,5.716549295774648,41.84330985915493,1.5704225352112675,6325,14,1595,19137
jmeter,127401,5.538730343622597,62.198019801980195,1.885264997087944,8653,15,2156,133336
otter,68163,4.537037037037037,32.454475308641975,1.3726851851851851,8093,12,2494,12042
Digital,76050,5.034672537149147,13.24380847550908,1.6769400110071546,4758,9,481,39619
TapTargetView,1965,4.512820512820513,49.8974358974359,1.1538461538461537,5425,9,594,4429
mockserver,65134,7.512173128944996,95.82236248872859,1.630297565374211,4693,12,1086,51955
retrolambda,4848,2.5,9.004166666666666,1.4125,5291,12,446,609
jib,35191,7.039660056657223,17.032577903682718,1.2209631728045325,13842,7,1441,16773
camunda-bpm-platform,546185,6.389629767788865,85.31884733749884,1.6409586869346264,4190,12,1603,165139
xpipe,51968,6.264350453172206,17.46299093655589,1.513595166163142,9962,2,350,32977
Telegram,1629538,6.99274532264223,76.33623520427645,1.6516991218022146,25927,12,8302,498048
DroidPlugin,22301,3.301526717557252,3.699745547073791,4.388040712468193,6919,10,2523,1859
miaosha,8581,4.146853146853147,14.3006993006993,1.1258741258741258,26283,7,6618,65689
storm,361786,5.314411441144115,47.088228822882286,1.2261826182618263,8821,14,1665,27015
rocketmq-externals,11795,5.749090909090909,16.45090909090909,1.250909090909091,4591,8,3067,36288
StylishMusicPlayer,5777,5.025773195876289,13.216494845360824,1.309278350515464,3704,9,768,2929
AxonFramework,137621,6.014232849416453,16.219755194990036,1.3028750355821235,3399,14,798,53198
dolphinscheduler,96905,6.549890750182083,11.807720320466133,1.3809176984705025,13341,6,4736,247459
bottomsheet,2578,4.897058823529412,27.66176470588235,1.3676470588235294,4521,10,595,363
lilishop,42798,7.728092783505154,13.322164948453608,1.3189432989690721,3757,4,956,49081
learning-note,13368,2.1945288753799392,2.893617021276596,1.1732522796352585,3537,5,658,67617
HomeMirror,1719,2.727272727272727,5.348484848484849,1.0757575757575757,7852,10,668,6207
IJPay,14045,5.589743589743589,134.15384615384616,1.36996336996337,5646,8,1379,25407
PojavLauncher,27058,6.174129353233831,124.06218905472637,1.4104477611940298,7528,5,1390,910641
BubbleSeekBar,1958,4.9,91.7,1.3,3401,9,519,43994
Blurry,636,5.142857142857143,0.6428571428571429,1.0,5631,10,606,2286
packer-ng-plugin,1776,2.806451612903226,18.64516129032258,1.3870967741935485,4822,10,864,1458
AppUpdate,2925,4.4375,37.140625,1.15625,3560,8,745,50788
MarqueeView,804,5.409090909090909,5.454545454545454,1.3636363636363635,3782,9,674,12351
druid,743581,7.832743424248734,62.92692067457839,1.3645638142827399,28091,14,8595,88652
spring-cloud-examples,392,3.9,0.4666666666666667,1.0166666666666666,6216,8,3082,76
cameraview,2983,4.833333333333333,12.125,1.2638888888888888,5021,8,952,30122
processing,110008,3.732104121475054,507.76138828633407,1.6420824295010845,6503,12,1500,1648015
SeeWeather,3101,4.9245283018867925,6.122641509433962,1.5377358490566038,3434,9,722,16083
jetcache,18011,6.031390134529148,15.908071748878923,1.6367713004484306,5299,8,1066,3820
android-common,6519,3.5176470588235293,124.3529411764706,1.2470588235294118,5016,13,2638,1253
jpexs-decompiler,322349,6.070010449320794,58.636102403343784,1.9561128526645768,4783,11,674,289401
AVLoadingIndicatorView,2161,3.5652173913043477,6.75,1.7826086956521738,9754,10,1891,14399
hertzbeat,48880,6.923756019261638,8.153290529695024,1.2046548956661316,6085,3,1074,374059
Side-Menu.Android,449,3.888888888888889,4.111111111111111,1.2222222222222223,5246,10,1502,1048
archi,2029,5.457142857142857,1.5285714285714285,1.2285714285714286,15534,11,3314,5191
CoordinatorTabLayout,473,5.294117647058823,9.411764705882353,1.411764705882353,4193,8,584,11528
dynamic-datasource,4957,4.923076923076923,2.4142011834319526,1.1479289940828403,4864,7,1207,1165
data-transfer-project,30809,6.850627137970354,7.044469783352337,1.2565564424173319,3577,7,481,10492
lawnchair,248873,10.364947820748926,96.90208717004298,1.5770411295273175,10001,8,1273,644906
javaparser,118902,9.461859979101359,188.45977011494253,1.9085684430512018,5718,14,1192,45504
atlas,157514,5.527347310847767,29.88422971741112,1.435278030993619,8140,8,1475,84497
Ant-Media-Server,103680,5.693631669535284,180.24526678141137,1.3201376936316696,4393,8,655,1192993
tutorials,505890,4.1064054125296545,6.0647131183551535,1.1136543361743256,37101,12,54394,108483
ssm,369,4.157894736842105,2.0526315789473686,1.6842105263157894,5951,9,2748,12364
grpc-spring,10752,6.605263157894737,5.368421052631579,1.4784688995215312,3593,9,848,3937
SwipeMenuListView,1347,4.393939393939394,15.242424242424242,1.4545454545454546,3507,11,1259,1854
spring-cloud-kubernetes,31559,7.897388059701493,5.060634328358209,1.2583955223880596,3486,9,1042,58304
physical-web,7481,4.788461538461538,26.71153846153846,1.2884615384615385,5988,11,663,33447
rocketmq,215965,6.924495476687543,114.24077940153097,1.3315935977731386,21638,9,11811,43321
lwjgl3,1010782,6.648660375311856,1007.669812344072,2.3095780453411434,4975,13,650,126215
jmonkeyengine,197004,6.639705882352941,52.30274936061381,1.6253196930946292,3927,11,1131,979796
android-maps-utils,14793,7.0675675675675675,38.43693693693694,1.6396396396396395,3568,12,1536,17981
RxPermissions,876,4.65,10.1,1.1,10483,10,1321,587
okhttputils,1961,3.7285714285714286,6.2,1.457142857142857,6870,10,2385,17152
karate,40769,6.670648464163823,118.70136518771331,1.204778156996587,8495,8,1975,26442
Mycat-Server,92943,4.978311386522076,78.48799380325329,1.295120061967467,9546,11,3848,19570
BottomBar,2834,4.909090909090909,61.666666666666664,1.2878787878787878,8407,9,1499,40819
spring-boot-projects,2608,4.336448598130841,9.102803738317757,1.074766355140187,5526,8,1615,14626
interviewGuide,0,,,,3946,9,685,62214
h2database,229981,6.086434573829532,176.13025210084032,2.0618247298919568,4311,10,1236,90124
Material-Animations,1010,4.4,4.7555555555555555,1.4666666666666666,13514,10,2471,8692
android-classyshark,8714,3.169811320754717,10.25,1.278301886792453,7563,10,870,24865
JKeyboardPanelSwitch,1736,5.2,7.38,1.3,4187,10,686,24090
mockito,52064,3.41662685140946,18.39082656473961,1.4032489249880553,15091,13,2603,49299
UltimateRecyclerView,16083,5.214659685863874,41.39267015706806,1.693717277486911,7211,10,1420,7153
awesome-system-design-resources,336,0.8181818181818182,0.0,1.0,21732,2,5200,2252
shopping-management-system,5299,3.5670103092783507,76.48453608247422,1.3608247422680413,4999,10,2249,4353
frontend-maven-plugin,3717,5.595959595959596,7.05050505050505,1.7272727272727273,4285,12,879,2198
sqlbrite,3329,4.69811320754717,4.30188679245283,1.3584905660377358,4556,10,417,754
ShadowLayout,3437,4.0,21.615384615384617,1.1384615384615384,3568,6,407,4204
SDE-Interview-Questions,5,0.0,0.0,1.0,7450,8,2211,1461
GDA-android-reversing-Tool,567,2.5625,57.375,1.0,4367,8,536,82285
dinky,55345,7.058502340093604,26.00780031201248,1.3463338533541342,3355,4,1217,38037
logstash,39537,5.547961630695443,21.430455635491608,1.6414868105515588,14392,15,3516,130680
shimmer-android,885,8.571428571428571,18.0,1.8571428571428572,5343,10,696,4787
LSPosed,22952,5.5362997658079625,48.114754098360656,1.6463700234192038,19522,5,3191,21605
openai-java,2783,5.387878787878788,15.55151515151515,1.084848484848485,4798,5,1222,547
okhttp-OkGo,13418,5.650969529085873,19.445983379501385,1.6232686980609419,10611,9,2554,84860
signal-cli,26670,6.955010224948875,47.65848670756646,1.574642126789366,3413,10,314,6442
QMUI_Android,58309,5.468105065666041,35.34240150093809,1.629455909943715,14475,8,2677,21963
banner,2724,6.082191780821918,47.68493150684932,1.8356164383561644,12976,9,2523,11310
dubbo-spring-boot-project,1895,7.089887640449438,11.92134831460674,1.1685393258426966,5410,7,1876,1557
opentsdb,104636,7.102296450939457,64.87578288100208,1.278705636743215,5030,15,1244,41493
SmartTabLayout,1912,6.355555555555555,9.71111111111111,1.6444444444444444,7092,10,1338,14671
shenyu,133854,5.943816970750072,18.141615986099044,1.2409498986388647,8554,7,2971,62652
twoway-view,3688,6.078431372549019,86.58823529411765,1.8235294117647058,5230,12,1020,2554
LayoutManagerGroup,2285,4.9523809523809526,9.142857142857142,1.5714285714285714,4985,7,679,45688
ignite,1139620,5.547226669177888,487.42061399378474,1.6246350880497222,4898,10,1912,438867
FlatLaf,73126,3.775147928994083,64.59289940828403,3.707692307692308,3642,6,286,21310
Android,1462,4.875,2.267857142857143,1.6964285714285714,37875,11,9037,21720
vertx-examples,8935,5.378378378378378,1.0292792792792793,1.822072072072072,3560,10,2084,52105
useful-java-links,5967,2.3041825095057034,1.832699619771863,1.0228136882129277,5965,9,1186,2411
aurora,4956,7.287625418060201,7.25752508361204,1.117056856187291,5712,9,998,11470
OpenPDF,96777,6.380901287553648,90.86695278969957,1.5954935622317596,3782,9,631,38849
novel-plus,14420,6.325757575757576,44.75252525252525,1.2095959595959596,3952,5,1359,42328
guide-rpc-framework,1583,4.825,1.2125,1.2375,4122,5,2117,4361
--,338075,3.5415269283882425,440.4263168277767,2.923653580587887,9579,12,1782,6060
LeetCode-Book,3121,1.3333333333333333,0.08527131782945736,1.0,7091,4,818,858
CircleProgress,1451,5.76,85.76,1.68,3819,11,923,2538
lettuce,91004,6.33224043715847,170.94043715846993,1.4049180327868853,5533,11,1009,23969
pkl,60045,6.226391494684178,27.52220137585991,4.849906191369606,10541,1,297,6035
dexposed,2414,2.9166666666666665,82.83333333333333,1.6944444444444444,4523,10,1070,1875
leet-code,2094,1.9876543209876543,0.9259259259259259,1.0,4358,10,25,7522
spark,9588,4.542986425339366,47.11764705882353,1.2986425339366516,9653,14,1567,2503
shardingsphere-elasticjob,15461,5.3872053872053876,3.207070707070707,1.1548821548821548,8173,10,3285,46052
giffun,22397,5.382845188284519,25.338912133891213,1.2782426778242677,3433,6,685,7432
gson,34414,3.037243947858473,20.5512104283054,1.2830540037243947,23630,10,4312,13606
MagicCamera,14543,3.5426136363636362,7.630681818181818,1.4659090909090908,5473,9,1625,17476
nacos,143405,5.553810925744194,25.6702649656526,1.2904808635917566,31016,7,12966,61562
nifi,617395,7.1937435897435895,55.71897435897436,1.4943589743589745,5185,11,2776,276646
joda-time,91652,8.562724014336917,294.747311827957,2.281362007168459,4984,14,985,12906
jsoup,35476,6.086614173228346,228.20472440944883,1.7874015748031495,11086,16,2222,5786
AgentWeb,11320,5.3984375,18.79296875,1.48828125,9303,8,1647,29032
zookeeper,121444,5.778608395629672,37.231742380678554,1.9838987924094307,12418,16,7269,149249
android-gif-drawable,2920,6.15625,59.734375,1.65625,9579,12,1782,6060
yudao-cloud,83708,7.787024363536819,15.833835203941966,1.217081850533808,16926,6,4192,45144
HikariCP,11325,4.528409090909091,179.6818181818182,1.2897727272727273,20327,12,2971,5068
HaE,3745,4.042857142857143,9.985714285714286,1.6,3466,5,258,10990
BasePopup,28287,5.887323943661972,34.29401408450704,1.6954225352112675,5214,9,760,20627
tcc-transaction,23664,5.235067437379576,29.736030828516377,1.3082851637764932,5786,10,2788,7095
openapi-generator,240336,5.09482551143201,81.81251504211794,1.2430806257521059,23176,7,6822,908001
mapdb,20198,3.2395437262357416,81.84790874524715,2.0228136882129277,4959,13,881,10247
BigImageViewer,2513,4.607142857142857,12.80952380952381,1.2857142857142858,3986,9,405,55900
XposedInstaller,8980,4.896551724137931,8.517241379310345,1.4187192118226601,3928,13,1517,18977
traccar,66174,5.684092186621697,5.8763350196739745,1.8926363125351322,5721,13,2713,23747
ruoyi-vue-pro,85581,7.816270060874378,16.036801328168234,1.2296624239070282,29864,4,6443,178082
cassandra,640388,6.572042420917901,58.25242274638874,1.7529712927409034,9102,16,3677,447767
campus-imaotai,7728,6.339449541284404,20.376146788990827,1.4128440366972477,4178,2,1362,3069
quarkus,870649,5.144986855678679,56.77731190309807,1.2185950550730424,14243,7,2791,374099
PageIndicatorView,3532,5.5,22.805555555555557,1.5,4640,9,565,33988
MaterialSearchView,1361,4.048780487804878,22.658536585365855,1.3170731707317074,3829,10,619,4665
malmo,19130,7.0503597122302155,12.848920863309353,2.143884892086331,4136,9,602,28835
AndroidSwipeLayout,2770,3.7162162162162162,58.9054054054054,1.3243243243243243,12400,11,2669,399
algs4,22516,4.003584229390681,47.46953405017921,1.021505376344086,7471,10,2679,2013
DoKit,80480,4.517527087316762,71.76673040152964,1.3409815168897388,20290,7,3145,58615
Signal-Server,56240,8.924793388429752,14.540495867768595,1.5008264462809917,9437,12,2218,18004
auto,31956,4.111501316944688,25.593503072870938,1.7058823529411764,13593,7,1988,3131
socket.io-client-java,5639,1.9213973799126638,4.253275109170306,1.0960698689956332,5368,12,980,2401
AndroidUtilCode,39995,4.155223880597015,144.95373134328358,1.364179104477612,33504,9,10710,47329
Depth-LIB-Android-,3771,3.787037037037037,13.351851851851851,1.212962962962963,4557,9,591,3656
Store,11288,6.2,17.055172413793102,1.5620689655172413,3522,9,305,2538
hugo,384,5.714285714285714,27.714285714285715,1.1428571428571428,7923,12,798,201
MusicBot,4097,6.741935483870968,10.591397849462366,2.5053763440860215,5558,9,2655,7798
piggymetrics,1881,6.040404040404041,3.8282828282828283,1.0606060606060606,13426,10,6197,1512
TelegramBots,18928,10.405365126676601,10.774962742175857,2.241430700447094,4986,9,1266,3872
Sentinel,54965,4.421509686038744,12.554442217768871,1.179692718770875,22633,7,8070,8335
DSBridge-Android,1841,2.978723404255319,15.97872340425532,1.1063829787234043,3825,8,624,902
wiremock,51616,5.775038520801233,72.72881355932203,1.382126348228043,6645,14,1460,47147
QAuxiliary,41435,7.69126213592233,42.45242718446602,1.3281553398058252,4847,3,351,8273
MaterialDesignLibrary,2927,4.536585365853658,6.7560975609756095,1.8170731707317074,8982,11,2216,8930
AndroidViewAnimations,965,3.3780487804878048,2.292682926829268,1.8048780487804879,12451,11,2424,297
netty-socketio,6233,4.964497041420119,33.01775147928994,1.2662721893491125,6914,13,1670,2254
RichText,5185,4.2727272727272725,10.545454545454545,1.446969696969697,3941,10,562,2485
AlgoDS,21217,1.3380281690140845,1.4112676056338027,1.004225352112676,3433,9,608,1585
AndroidPerformanceMonitor,2234,4.074074074074074,14.074074074074074,1.2777777777777777,6698,9,1023,1077
SpringCloudLearning,1130,4.559440559440559,0.5454545454545454,1.048951048951049,17923,8,8057,582
elasticsearch-sql,32652,9.740601503759398,197.34586466165413,2.1240601503759398,7008,11,1541,8993
WxJava,108810,5.355528405620037,20.67949501119935,1.2064752596212585,30769,9,8807,18119
kafka,644887,7.56468049394557,55.869440115094115,1.355592854573792,29724,14,14246,237965
cat,97670,5.488630354309889,23.041776837652037,1.406663141195135,18816,13,5429,114117
BannerViewPager,3150,5.410958904109589,47.84931506849315,1.4109589041095891,3684,8,447,134099
SurveyKing,9237,5.175,7.825,1.23,3474,4,517,87973
spring-data-examples,50778,2.6161173268823705,0.44481403084366494,1.0084668884185062,5281,11,3414,17724
Bolts-Android,5144,2.132911392405063,19.0126582278481,1.0822784810126582,4012,11,518,476
grpc-java,255583,5.636430407638634,12.969518912963643,1.3934998163789938,11651,11,3887,105266
LeetCodeAnimation,92,1.5,0.0,1.0,75780,7,13980,509807
AndroidTutorialForBeginners,3835,4.515873015873016,2.6507936507936507,1.4444444444444444,4471,9,6094,688
andOTP,8443,6.096385542168675,41.41566265060241,1.5,3756,8,366,13870
Fast-Android-Networking,19596,3.219130434782609,13.768695652173912,1.2504347826086957,5766,9,966,2856
InfiniteCycleViewPager,3564,5.048780487804878,102.53658536585365,1.6341463414634145,5736,9,828,279
im-server,156800,6.395209580838324,108.41816367265469,1.5409181636726548,8107,6,1829,21885
GoGoGo,3923,7.816326530612245,14.122448979591837,1.4489795918367347,6582,4,772,413545
easy-rules,4857,5.092592592592593,7.62962962962963,1.3148148148148149,5013,12,1081,1776
spring-security-oauth,35294,6.08,13.395,1.569,4694,14,4027,7273
RxLifecycle,2469,6.469135802469136,1.4074074074074074,1.654320987654321,7704,10,638,897
tx-lcn,7782,5.036036036036036,6.337837837837838,1.2117117117117118,4206,8,1459,14551
CalendarView,11557,6.568181818181818,53.18181818181818,2.159090909090909,9224,8,1815,156814
ShedLock,10745,5.921832884097035,6.9110512129380055,2.0485175202156336,3804,9,535,7837
disconf,14009,4.437647058823529,12.616470588235295,1.3529411764705883,5553,11,2284,8619
mcaselector,32091,7.807262569832402,38.0195530726257,1.8407821229050279,3537,7,184,23697
from-java-to-kotlin,37,0.5,0.0,1.0,6257,8,790,258
EhViewer,44372,7.144758735440932,45.26289517470882,1.821963394342762,16273,5,442,13807
java-design-patterns,34593,3.3545059717698154,1.8675352877307274,1.201954397394137,91037,11,26850,36486
spring-security,250188,7.5784645098986,10.925156929019797,1.2428778367938194,9036,13,6003,81346
InstaMaterial,2223,4.7875,9.9375,1.5375,4979,11,1439,4531
android-priority-jobqueue,14102,4.79155672823219,10.839050131926122,1.7176781002638521,3394,11,393,14756
ImmersionBar,7237,6.352112676056338,159.25352112676057,2.1056338028169015,11376,8,1903,325009
android-job,10693,6.994708994708994,32.00529100529101,1.7671957671957672,5370,10,558,1860
jstorm,296267,5.527300303336704,42.371840242669364,1.5487866531850354,3900,12,1797,108125
DanmakuFlameMaster,12879,5.162790697674419,47.50581395348837,1.6104651162790697,9568,12,2112,3580
RxJava,370369,2.491531136765821,47.41636470885649,1.3235021488160446,48054,12,7607,143573
markor,28305,6.975155279503106,131.1086956521739,1.5093167701863355,4149,8,386,37739
tech-interview-for-developer,636,1.3076923076923077,0.9230769230769231,1.0,15538,6,3522,6615
react-native-camera,0,,,,9649,10,3538,17586
runelite,228142,6.259835315645014,43.44144556267155,1.3874656907593779,4946,9,5303,82554
spring-ai,89614,7.281207751239297,24.420910319963948,1.1820639927895449,4300,2,1157,81544
java-faker,6710,4.115555555555556,40.74666666666667,1.448888888888889,4832,14,862,6147
xmall,45205,4.234177215189874,617.4462025316456,1.1613924050632911,7203,8,2556,110866
Shadow,21905,4.2195845697329375,17.33234421364985,1.7492581602373887,7553,6,1318,3641
HMCL,66198,6.959963603275705,38.23293903548681,1.6960873521383075,7381,10,703,29874
XPopup,12348,4.704918032786885,22.901639344262296,1.5770491803278688,7861,7,1190,152978
Stirling-PDF,17394,7.833810888252149,12.925501432664756,1.320916905444126,54702,2,4542,81158
jadx,122275,4.375672766415501,31.848941514172946,1.681377825618945,43263,12,5011,23252
tink,82168,7.529331514324693,30.05593451568895,1.291268758526603,17259,9,3346,7039
MaterialDateTimePicker,7536,6.589041095890411,127.63013698630137,1.4657534246575343,4666,10,944,2001
EdXposed,71794,5.7771739130434785,191.0782608695652,1.5771739130434783,5526,6,633,12036
mall,100903,3.919736842105263,1110.803947368421,1.2394736842105263,79613,7,29114,58700
metrics,28068,5.436578171091446,9.556047197640117,1.3436578171091444,13426,10,6197,1512
btrace,40986,4.647135416666667,92.54427083333333,1.29296875,5872,11,961,17603
FlycoTabLayout,2730,6.454545454545454,223.0909090909091,1.5454545454545454,11091,10,2415,2620
library,1770,6.788617886178862,5.430894308943089,1.0406504065040652,8982,11,2216,8930
OsmAnd,677417,8.48362802881467,101.89161755075311,1.589063523248199,4957,14,1046,949438
SimianArmy,16056,5.845901639344262,25.160655737704918,1.4229508196721312,7983,13,1132,15326
jedis,97833,5.311070448307411,515.1738334858188,1.4354986276303752,11997,15,3884,14376
RoaringBitmap,77302,5.57258064516129,266.51774193548385,1.1258064516129032,3637,12,566,90646
rest-assured,28526,6.012784090909091,105.87926136363636,1.1946022727272727,6938,15,1884,11312
AndServer,12029,5.0233644859813085,48.05140186915888,1.5420560747663552,3772,9,769,6648
MVVMHabit,9110,3.58307210031348,15.764890282131661,1.2727272727272727,7645,8,1697,1298
oblivion,2641,5.637931034482759,11.620689655172415,1.4827586206896552,4072,1,556,3270
graylog2-server,232390,8.067670271850336,18.621309558608594,1.3519438760596316,7607,15,1082,190810
java8-tutorial,2081,1.0340909090909092,3.909090909090909,1.0,16773,11,4046,149
cryptomator,16263,8.210401891252955,17.8983451536643,1.442080378250591,12573,11,1084,25385
OpenRefine,72362,6.417503586800574,12.758967001434721,1.6642754662840746,11212,13,2034,405565
JsBridge,1037,3.5172413793103448,17.24137931034483,1.1724137931034482,9823,10,2021,649
Phoenix,976,4.333333333333333,7.541666666666667,1.6666666666666667,4004,10,916,663
dex2jar,41715,5.42907180385289,21.13309982486865,1.5709281961471104,12599,10,2148,8725
BottomNavigationViewEx,1371,4.896551724137931,50.13793103448276,1.5862068965517242,3475,9,557,1770
Activiti,154670,5.696087084436599,89.05913503971756,1.4963224477787584,10271,13,6968,125242
SoloPi,56327,4.623076923076923,13.135897435897435,1.205982905982906,5906,6,1229,272397
spring-framework,729131,5.239282886551295,29.89469517022961,1.4698563510915055,57611,15,38394,222884
Geyser,54839,8.140398550724637,34.018115942028984,1.9139492753623188,4934,6,710,31190
spring-boot-api-project-seed,484,5.0,9.733333333333333,1.2666666666666666,9628,8,3785,77
DeepLinkDispatch,8549,6.28,88.64,1.48,4397,10,407,2819
leetcode-editor,13421,6.332225913621262,20.13621262458472,1.7375415282392026,3816,6,409,30927
Telegram-X,418376,9.241487143849895,536.3752605976373,1.4051424600416955,4016,4,644,44749
PreviewSeekBar,1166,5.6521739130434785,28.17391304347826,1.173913043478261,3468,8,426,63625
sndcpy,214,7.75,20.25,2.0,3348,5,310,171
RoundedImageView,1265,8.4,107.46666666666667,1.8,6432,12,1250,8746
StatusBarUtil,1036,4.151515151515151,22.545454545454547,1.5454545454545454,8806,9,1721,9364
simplify,21150,8.990353697749196,20.742765273311896,1.3729903536977492,4576,10,1605,62804
Java-WebSocket,12801,3.5555555555555554,36.34099616858238,1.8199233716475096,10625,15,2591,4228
objectbox-java,24318,5.119289340101523,102.95939086294416,1.7563451776649746,4480,8,309,2957
liquibase,99252,6.656765676567657,61.95544554455446,1.7854785478547854,4956,14,1891,217541
UltimateAndroidReference,22,1.0,0.0,1.0,7870,8,1289,543
flutter-webrtc,7618,6.647058823529412,37.44705882352941,1.2352941176470589,4243,7,1179,469832
flink-learning,14454,4.280405405405405,3.300675675675676,1.1300675675675675,14701,6,3926,43620
datax-web,13801,5.041009463722397,13.239747634069401,1.38801261829653,5726,6,2187,43670
keycloak,491058,6.612720848056537,73.90447585394581,1.5479387514723204,26113,12,7156,535007
spring-authorization-server,36873,10.339705882352941,16.42794117647059,1.3911764705882352,4954,5,1323,6082
stetho,19241,4.379251700680272,7.496598639455782,1.4234693877551021,12693,10,1128,2392
antlr4,41027,5.77643504531722,48.30211480362538,1.7930513595166162,17723,15,3340,70594
jvm-tools,33940,4.130225080385852,20.64790996784566,1.207395498392283,3326,13,522,5659
springcloud-learning,5621,4.8933333333333335,86.04888888888888,1.0222222222222221,7376,9,2881,1265
JavaEETest,2152,3.5194805194805197,3.2857142857142856,1.0974025974025974,3481,9,2810,27714
light-4j,67995,4.548227535037098,23.643033800494642,1.1673536685902721,3637,9,636,12050
ansj_seg,12125,6.321100917431193,9.573394495412844,1.188073394495413,6519,13,2314,352518
RxJava2-Android-Samples,3992,3.6648648648648647,6.286486486486487,1.2540540540540541,4952,9,1065,498
AndroRAT,1793,2.8727272727272726,1.3818181818181818,1.1636363636363636,3544,5,1094,40789
cglib,17670,3.218875502008032,261.7971887550201,1.5321285140562249,4841,11,892,4944
AndroidNote,402,4.875,8.125,1.375,9232,9,2141,7036
CtCI-6th-Edition,21093,2.206896551724138,4.482758620689655,1.0689655172413792,11402,10,4419,21487
JustTrustMe,598,2.5555555555555554,2.7037037037037037,1.1851851851851851,4984,11,811,434
Leetcode,140150,1.5529549444119368,0.2886678369416813,1.000390091671543,75780,7,13980,509807
android-zxingLibrary,2018,4.711538461538462,5.634615384615385,1.3269230769230769,5014,9,1042,10170
XXPermissions,4797,5.5227272727272725,30.28409090909091,1.8068181818181819,6020,7,811,84987
go-lang-idea-plugin,45363,8.18286219081272,110.02915194346289,2.0945229681978796,4554,15,570,34753
BlurView,714,5.392857142857143,5.75,1.5,3625,9,348,13459
