Repo Name,Stars,Created At,Last Push,Size (KB),Forks
Snailclimb/JavaGuide,148840,2018-05-07T13:27:00Z,2025-03-20T07:56:59Z,176665,45770
krahets/hello-algo,110897,2022-11-04T11:08:34Z,2025-03-20T14:55:23Z,359894,13820
iluwatar/java-design-patterns,91037,2014-08-09T16:45:18Z,2025-03-23T19:04:40Z,36486,26850
macrozheng/mall,79613,2018-04-04T01:11:44Z,2025-03-17T02:50:25Z,58700,29114
doocs/advanced-java,77283,2018-10-06T11:38:30Z,2025-03-22T09:14:48Z,33737,19167
spring-projects/spring-boot,76533,2012-10-19T15:02:57Z,2025-03-21T20:44:10Z,186444,41000
MisterBooo/LeetCodeAnimation,75780,2018-12-06T08:01:22Z,2023-08-14T12:14:01Z,509807,13980
elastic/elasticsearch,72076,2010-02-08T13:20:56Z,2025-03-23T19:22:06Z,1384065,25104
kdn251/interviews,64030,2017-02-14T18:19:25Z,2024-05-13T08:48:36Z,24091,12916
TheAlgorithms/Java,61149,2016-07-16T10:21:02Z,2025-03-18T10:29:21Z,5589,19813
spring-projects/spring-framework,57611,2010-12-08T04:04:45Z,2025-03-23T17:44:37Z,222884,38394
NationalSecurityAgency/ghidra,55606,2019-03-01T03:27:48Z,2025-03-21T10:13:31Z,381092,6231
Stirling-Tools/Stirling-PDF,54702,2023-01-27T18:22:42Z,2025-03-23T16:48:17Z,81158,4542
google/guava,50602,2014-05-29T16:23:17Z,2025-03-21T21:16:45Z,551960,10963
ReactiveX/RxJava,48054,2013-01-08T20:11:48Z,2025-03-20T07:36:31Z,143573,7607
skylot/jadx,43263,2013-03-18T17:08:21Z,2025-03-22T22:22:40Z,23252,5011
dbeaver/dbeaver,42368,2015-10-21T08:26:28Z,2025-03-23T18:28:00Z,192742,3603
jeecgboot/JeecgBoot,41975,2018-11-26T10:40:00Z,2025-03-21T15:38:08Z,71679,15181
apache/dubbo,40840,2012-06-19T07:56:02Z,2025-03-19T01:32:54Z,59610,26500
termux/termux-app,39956,2015-10-23T09:42:46Z,2025-03-15T06:26:11Z,4408,4287
PhilJay/MPAndroidChart,37875,2014-04-25T14:29:47Z,2024-08-20T14:01:30Z,21720,9037
eugenp/tutorials,37101,2013-04-29T18:26:36Z,2025-03-23T01:57:27Z,108483,54394
alibaba/arthas,36084,2018-08-29T17:15:57Z,2025-03-12T02:52:54Z,55354,7538
geekxh/hello-algorithm,35527,2020-05-29T05:47:09Z,2023-06-13T04:13:17Z,365053,6470
airbnb/lottie-android,35251,2016-10-06T22:42:42Z,2025-03-20T00:47:00Z,137150,5437
halo-dev/halo,35039,2018-03-21T12:56:52Z,2025-03-22T15:40:32Z,75518,9841
bumptech/glide,34819,2013-07-08T22:52:33Z,2025-03-19T23:09:36Z,97215,6148
netty/netty,33904,2010-11-09T09:22:21Z,2025-03-21T21:11:26Z,94256,16036
xkcoding/spring-boot-demo,33514,2017-11-10T06:27:29Z,2024-07-24T02:02:52Z,14194,10953
Blankj/AndroidUtilCode,33504,2016-07-30T18:18:32Z,2024-08-15T10:38:10Z,47329,10710
doocs/leetcode,33375,2018-09-16T14:03:03Z,2025-03-23T13:56:41Z,17136215,8783
TeamNewPipe/NewPipe,33293,2015-09-03T23:39:26Z,2025-03-21T10:53:49Z,79131,3155
alibaba/easyexcel,33234,2018-02-06T03:14:08Z,2024-10-29T06:07:07Z,26334,7617
zxing/zxing,33169,2011-10-12T14:07:27Z,2025-02-10T14:22:04Z,242772,9384
SeleniumHQ/selenium,31928,2013-01-14T21:40:56Z,2025-03-23T20:20:58Z,2321847,8368
alibaba/nacos,31016,2018-06-15T06:49:27Z,2025-03-20T09:53:32Z,61562,12966
binarywang/WxJava,30769,2016-01-06T08:24:05Z,2025-03-23T12:07:01Z,18119,8807
ityouknow/spring-boot-examples,30408,2016-11-05T05:32:33Z,2023-11-18T16:32:16Z,1074,12340
YunaiV/ruoyi-vue-pro,29864,2021-01-24T03:18:25Z,2025-03-23T09:28:55Z,178082,6443
apache/kafka,29724,2011-08-15T18:06:16Z,2025-03-23T19:20:48Z,237965,14246
chinabugotech/hutool,29646,2014-04-13T07:23:51Z,2025-03-19T04:50:42Z,65838,7568
apolloconfig/apollo,29385,2016-03-04T10:24:23Z,2025-03-03T01:09:29Z,56556,10225
alibaba/canal,28914,2013-01-13T10:59:52Z,2025-03-19T07:51:32Z,24135,7648
wuyouzhuguli/SpringAll,28682,2018-05-02T02:48:44Z,2024-05-31T14:56:35Z,1069,8183
xuxueli/xxl-job,28480,2015-11-28T12:59:34Z,2025-03-22T17:48:48Z,37310,11115
alibaba/spring-cloud-alibaba,28320,2017-12-01T20:49:15Z,2024-12-04T01:22:42Z,55608,8385
alibaba/druid,28091,2011-11-03T05:12:51Z,2025-03-20T07:49:29Z,88652,8595
lenve/vhr,27668,2018-01-04T08:57:51Z,2024-11-25T00:07:39Z,8480,10303
crossoverJie/JCSprout,27110,2017-12-17T09:06:50Z,2024-05-21T02:46:20Z,1191,7075
qiurunze123/miaosha,26283,2018-09-14T04:36:24Z,2024-06-06T19:31:57Z,65689,6618
keycloak/keycloak,26113,2013-07-02T13:38:51Z,2025-03-23T15:00:51Z,535007,7156
DrKLO/Telegram,25927,2013-10-25T14:08:10Z,2025-03-10T13:39:33Z,498048,8302
alibaba/fastjson,25774,2011-11-03T06:58:52Z,2024-07-16T07:35:37Z,15513,6490
apache/incubator-seata,25553,2018-12-28T08:37:22Z,2025-03-23T06:09:10Z,25946,8805
JakeWharton/butterknife,25528,2013-03-05T08:18:59Z,2023-09-02T07:41:30Z,3909,4597
hollischuang/toBeTopJavaer,25420,2018-10-25T09:54:54Z,2024-01-03T13:58:24Z,8004,5452
scwang90/SmartRefreshLayout,25059,2017-06-02T09:52:50Z,2024-12-04T12:28:17Z,274026,4968
proxyee-down-org/proxyee-down,24901,2017-10-25T10:07:27Z,2024-07-16T09:22:28Z,26864,4426
greenrobot/EventBus,24741,2012-07-16T16:55:40Z,2024-02-21T18:18:34Z,1742,4672
apache/flink,24652,2014-06-07T07:00:10Z,2025-03-21T15:06:27Z,521346,13466
Netflix/Hystrix,24277,2012-11-19T20:14:46Z,2023-10-17T13:04:47Z,9799,4729
apache/skywalking,24164,2015-11-07T03:30:36Z,2025-03-21T10:30:47Z,172856,6564
libgdx/libgdx,23843,2012-08-10T19:34:38Z,2025-03-18T21:01:34Z,1105435,6476
bazelbuild/bazel,23810,2014-06-12T16:00:38Z,2025-03-23T01:54:32Z,965521,4157
jenkinsci/jenkins,23772,2010-11-22T21:21:23Z,2025-03-23T18:00:14Z,163874,9007
redisson/redisson,23687,2014-01-11T14:06:25Z,2025-03-23T09:46:50Z,30534,5421
google/gson,23630,2015-03-19T18:21:20Z,2025-03-19T14:37:42Z,13606,4312
Anuken/Mindustry,23496,2017-04-30T01:24:29Z,2025-03-17T16:45:26Z,1852996,3046
OpenAPITools/openapi-generator,23176,2018-05-12T09:57:56Z,2025-03-23T14:44:12Z,908001,6822
alibaba/Sentinel,22633,2018-04-04T06:37:33Z,2024-10-24T12:34:45Z,8335,8070
doocs/source-code-hunter,22565,2019-10-28T01:35:10Z,2025-03-22T09:19:11Z,70615,4172
EnterpriseQualityCoding/FizzBuzzEnterpriseEdition,22247,2012-11-24T00:14:41Z,2024-07-15T08:04:08Z,340,772
yuliskov/SmartTube,21904,2020-07-28T12:53:52Z,2025-03-23T18:24:44Z,93460,1178
google/ExoPlayer,21805,2014-06-13T21:19:18Z,2024-08-07T18:54:48Z,484242,6036
ashishps1/awesome-system-design-resources,21732,2023-10-25T01:50:42Z,2025-03-04T06:12:46Z,2252,5200
apache/rocketmq,21638,2016-11-30T08:00:08Z,2025-03-22T08:54:43Z,43321,11811
iBotPeaches/Apktool,21572,2012-03-19T17:46:53Z,2025-03-13T11:01:19Z,313905,3681
elunez/eladmin,21557,2018-12-14T08:54:24Z,2025-02-19T02:11:50Z,7490,7383
CodePhiliaX/Chat2DB,21507,2023-06-20T14:05:26Z,2025-03-05T07:57:52Z,18690,2362
oracle/graal,20732,2016-01-14T17:11:35Z,2025-03-23T00:23:34Z,430428,1683
openjdk/jdk,20661,2018-09-17T12:29:20Z,2025-03-23T20:36:11Z,1312838,5759
CarGuo/GSYVideoPlayer,20607,2016-11-13T12:34:31Z,2025-02-18T07:09:27Z,337852,4242
conductor-oss/conductor,20389,2023-12-08T06:06:09Z,2025-03-12T21:38:25Z,35238,556
brettwooldridge/HikariCP,20327,2013-10-08T05:43:03Z,2025-03-22T19:14:28Z,5068,2971
didi/DoKit,20290,2018-08-14T10:32:07Z,2025-02-06T03:42:43Z,58615,3145
apache/shardingsphere,20127,2016-01-18T12:49:26Z,2025-03-23T15:47:37Z,660068,6785
mybatis/mybatis-3,20011,2013-02-14T19:03:32Z,2025-03-22T05:57:20Z,158361,12923
ReactiveX/RxAndroid,19863,2014-08-19T03:46:38Z,2024-08-07T18:30:28Z,1045,2947
dataease/dataease,19677,2021-02-02T04:10:21Z,2025-03-21T10:34:41Z,300343,3508
linlinjava/litemall,19556,2018-03-22T16:42:30Z,2025-01-04T11:44:29Z,24591,7260
LSPosed/LSPosed,19522,2020-12-12T08:39:37Z,2025-03-04T21:28:36Z,21605,3191
yudaocode/SpringBoot-Labs,19476,2018-09-12T14:51:46Z,2024-04-28T06:20:25Z,1813,6079
Baseflow/PhotoView,18833,2012-07-17T16:39:00Z,2022-03-25T09:53:49Z,16896,3930
dianping/cat,18816,2012-12-05T02:31:48Z,2025-01-04T10:23:47Z,114117,5429
kunal-kushwaha/DSA-Bootcamp-Java,18619,2021-07-30T12:23:25Z,2024-08-18T08:21:57Z,101640,11752
thingsboard/thingsboard,18487,2016-12-01T09:33:30Z,2025-03-21T17:10:26Z,289695,5460
forezp/SpringCloudLearning,17923,2017-04-08T10:06:56Z,2021-04-12T09:53:47Z,582,8057
williamfiset/Algorithms,17769,2017-03-18T02:50:46Z,2024-12-30T10:03:15Z,1274506,4443
JetBrains/intellij-community,17762,2011-09-30T13:33:05Z,2025-03-23T07:38:44Z,5199154,5365
antlr/antlr4,17723,2010-02-04T01:36:28Z,2025-03-19T16:47:53Z,70594,3340
LMAX-Exchange/disruptor,17683,2012-09-21T13:42:24Z,2025-02-16T11:03:59Z,10135,3938
Tencent/APIJSON,17580,2016-11-21T12:03:29Z,2025-03-23T15:05:10Z,73336,2194
Tencent/tinker,17259,2016-09-06T06:57:52Z,2025-03-17T07:31:03Z,7039,3346
dromara/Sa-Token,17231,2020-02-03T10:34:29Z,2025-03-21T06:32:15Z,7706,2675
openzipkin/zipkin,17150,2012-06-06T18:26:16Z,2025-02-21T12:40:03Z,77330,3103
facebook/fresco,17099,2015-03-02T09:58:04Z,2025-03-20T02:54:52Z,77524,3758
YunaiV/yudao-cloud,16926,2019-05-02T16:06:49Z,2025-03-17T12:46:35Z,45144,4192
infinilabs/analysis-ik,16881,2011-12-16T09:01:45Z,2025-02-14T03:51:57Z,7673,3291
justauth/JustAuth,16814,2019-01-31T09:42:20Z,2024-12-14T09:34:26Z,9643,2795
nostra13/Android-Universal-Image-Loader,16776,2011-11-27T18:48:23Z,2024-08-15T11:03:23Z,27133,6086
winterbe/java8-tutorial,16773,2014-03-16T17:25:43Z,2023-08-11T18:44:34Z,149,4046
baomidou/mybatis-plus,16732,2016-08-18T10:06:53Z,2025-03-23T15:16:11Z,30762,4345
shuzheng/zheng,16713,2016-10-04T10:07:06Z,2022-12-16T09:53:00Z,41267,7360
material-components/material-components-android,16625,2016-12-05T16:11:29Z,2025-03-21T17:04:33Z,153422,3118
kestra-io/kestra,16552,2019-08-24T13:56:15Z,2025-03-22T06:43:28Z,56209,1397
Grasscutters/Grasscutter,16473,2022-04-17T12:43:46Z,2024-11-30T00:50:50Z,101462,4466
JeffLi1993/springboot-learning-example,16449,2017-02-06T07:02:25Z,2023-12-03T12:33:47Z,407,7126
ben-manes/caffeine,16413,2014-12-13T08:45:11Z,2025-03-07T05:09:04Z,108296,1626
alibaba/DataX,16309,2018-01-18T10:09:47Z,2025-02-18T05:53:28Z,22870,5510
heibaiying/BigData-Notes,16285,2019-03-10T01:40:01Z,2024-01-05T03:00:32Z,24052,4274
prestodb/presto,16278,2012-08-09T01:03:37Z,2025-03-23T06:44:12Z,235336,5433
xiaojieonly/Ehviewer_CN_SXJ,16273,2020-11-09T06:14:31Z,2025-03-22T04:02:37Z,13807,442
dyc87112/SpringBoot-Learning,15771,2016-08-21T03:39:06Z,2023-12-17T15:45:30Z,34384,4879
android-hacker/VirtualXposed,15629,2017-12-01T09:00:58Z,2024-03-08T05:09:27Z,49794,2505
gyoogle/tech-interview-for-developer,15538,2019-06-09T04:42:57Z,2024-11-19T23:41:00Z,6615,3522
android10/Android-CleanArchitecture,15534,2014-08-19T14:09:26Z,2023-04-28T06:54:52Z,5191,3314
mockito/mockito,15091,2012-10-13T20:27:12Z,2025-03-20T18:19:20Z,49299,2603
questdb/questdb,15002,2014-04-28T23:29:15Z,2025-03-23T20:49:27Z,730907,1219
apache/hadoop,14999,2014-08-28T07:00:08Z,2025-03-23T05:22:40Z,592507,9020
Konloch/bytecode-viewer,14912,2014-10-14T10:26:46Z,2025-03-09T06:10:18Z,648615,1172
zhisheng17/flink-learning,14701,2019-01-01T07:38:28Z,2025-03-12T03:53:35Z,43620,3926
hdodenhof/CircleImageView,14546,2014-01-17T16:44:46Z,2024-05-03T11:20:49Z,1003,3115
apache/pulsar,14507,2016-06-28T07:00:03Z,2025-03-22T14:09:34Z,234531,3624
Tencent/QMUI_Android,14475,2017-04-21T10:03:18Z,2024-11-05T06:18:02Z,21963,2677
alibaba/ARouter,14473,2016-12-14T01:27:49Z,2023-09-11T06:07:41Z,26589,2616
eclipse-vertx/vert.x,14440,2011-06-17T14:54:55Z,2025-03-21T08:17:35Z,118068,2088
elastic/logstash,14392,2010-11-18T01:31:50Z,2025-03-21T21:37:08Z,130680,3516
java-decompiler/jd-gui,14385,2015-03-25T05:28:41Z,2024-07-08T18:45:59Z,56989,2419
arduino/Arduino,14288,2010-09-17T19:10:36Z,2024-10-18T16:32:19Z,1390211,6996
quarkusio/quarkus,14243,2018-07-06T00:44:20Z,2025-03-23T20:01:16Z,374099,2791
neo4j/neo4j,13996,2012-11-12T08:46:15Z,2025-03-20T15:26:58Z,658389,2419
supertokens/supertokens-core,13975,2020-01-05T13:30:52Z,2025-03-21T14:21:03Z,61237,568
deeplearning4j/deeplearning4j,13881,2013-11-27T02:03:28Z,2025-03-21T08:33:38Z,751396,3846
orhanobut/logger,13849,2015-03-20T22:30:12Z,2022-09-14T10:04:00Z,1873,2140
GoogleContainerTools/jib,13842,2018-01-22T18:30:43Z,2025-03-20T17:14:14Z,16773,1441
theonedev/onedev,13790,2018-11-06T02:57:01Z,2025-03-23T10:30:58Z,224561,883
Netflix/zuul,13657,2013-03-13T18:53:57Z,2025-03-21T16:28:53Z,5711,2408
apache/druid,13645,2012-10-23T19:08:07Z,2025-03-23T02:59:49Z,375647,3731
Curzibn/Luban,13631,2016-07-24T07:43:21Z,2021-11-06T13:32:29Z,5029,2247
seaswalker/spring-analysis,13608,2016-09-09T07:46:32Z,2023-03-24T12:08:27Z,4951,4183
JessYanCoding/AndroidAutoSize,13593,2018-08-17T09:04:19Z,2023-05-28T15:08:32Z,3131,1988
pinpoint-apm/pinpoint,13550,2014-10-20T09:27:22Z,2025-03-21T11:20:34Z,262046,3775
tink-crypto/tink,13525,2014-06-06T16:21:09Z,2024-04-17T11:08:35Z,61010,1184
lgvalle/Material-Animations,13514,2015-03-08T20:54:00Z,2019-04-02T15:42:38Z,8692,2471
Bigkoo/Android-PickerView,13471,2014-12-28T01:46:38Z,2022-12-30T03:36:03Z,6389,3457
sqshq/piggymetrics,13426,2015-03-29T17:56:31Z,2024-05-17T09:38:48Z,1512,6197
LuckSiege/PictureSelector,13409,2017-01-04T07:47:39Z,2024-05-11T03:14:44Z,542078,3036
zaproxy/zaproxy,13366,2015-06-03T16:55:01Z,2025-03-19T11:52:43Z,200003,2342
apache/doris,13366,2017-08-10T12:13:30Z,2025-03-23T09:06:35Z,1033138,3384
apache/dolphinscheduler,13341,2019-03-01T16:39:25Z,2025-03-20T07:26:41Z,247459,4736
DuGuQiuBai/Java,13223,2015-11-25T07:30:08Z,2024-07-20T03:42:57Z,24346,5097
janishar/mit-deep-learning-book-pdf,13215,2017-04-07T10:46:50Z,2023-10-09T08:55:12Z,43571,2775
macrozheng/mall-learning,13098,2019-04-12T13:20:31Z,2024-09-15T01:05:39Z,39420,8331
projectlombok/lombok,13075,2009-06-08T19:46:41Z,2025-03-07T08:19:33Z,80857,2426
youth5201314/banner,12976,2016-04-22T05:50:25Z,2024-01-11T08:41:56Z,11310,2523
languagetool-org/languagetool,12920,2013-08-08T16:37:22Z,2025-03-23T16:56:39Z,5835333,1421
Netflix/conductor,12793,2016-12-07T22:48:42Z,2023-12-22T23:40:04Z,29469,2339
facebook/stetho,12693,2015-01-22T22:34:10Z,2024-10-26T03:44:45Z,2392,1128
greenrobot/greenDAO,12623,2011-10-22T16:15:14Z,2024-04-30T05:30:59Z,7353,2887
pxb1988/dex2jar,12599,2015-03-16T09:13:07Z,2024-07-21T06:08:25Z,8725,2148
google/guice,12584,2014-05-28T23:18:53Z,2025-03-20T14:24:11Z,125176,1670
cryptomator/cryptomator,12573,2014-02-02T00:43:47Z,2025-03-23T19:19:22Z,25385,1084
zhihu/Matisse,12548,2017-04-13T01:31:05Z,2023-05-15T09:55:57Z,1991,2063
Netflix/eureka,12511,2012-07-26T22:23:07Z,2025-02-26T22:08:14Z,12481,3763
codecentric/spring-boot-admin,12510,2014-07-25T11:39:13Z,2025-03-22T21:52:42Z,78337,3081
daimajia/AndroidViewAnimations,12451,2014-06-23T03:53:13Z,2021-08-18T23:15:07Z,297,2424
apache/zookeeper,12418,2009-03-27T15:41:56Z,2025-03-12T21:23:51Z,149249,7269
daimajia/AndroidSwipeLayout,12400,2014-08-25T04:09:33Z,2023-11-10T08:30:13Z,399,2669
alibaba/COLA,12298,2018-02-06T13:46:27Z,2024-11-26T06:26:09Z,3805,3140
pagehelper/Mybatis-PageHelper,12282,2014-06-09T15:32:30Z,2024-09-30T09:24:35Z,5303,3135
macrozheng/mall-swarm,12211,2019-11-25T06:55:31Z,2025-01-26T01:53:12Z,54597,5355
kekingcn/kkFileView,12032,2017-12-12T11:41:08Z,2025-01-22T03:10:54Z,751077,2890
redis/jedis,11997,2010-06-11T13:04:43Z,2025-03-18T08:21:23Z,14376,3884
Yalantis/uCrop,11960,2016-01-05T13:41:06Z,2024-11-29T13:41:18Z,62547,2190
metersphere/metersphere,11910,2020-02-03T02:06:12Z,2025-03-20T02:22:30Z,420767,2648
Tencent/VasSonic,11851,2017-08-01T08:35:13Z,2023-04-07T11:37:52Z,16215,1616
Tencent/matrix,11768,2018-12-11T07:08:02Z,2024-07-23T10:46:08Z,199709,1893
amitshekhariitbhu/android-interview-questions,11728,2017-07-09T18:47:24Z,2025-03-22T11:20:27Z,1373,2298
grpc/grpc-java,11651,2014-12-08T19:00:00Z,2025-03-21T22:19:40Z,105266,3887
frank-lam/fullstack-tutorial,11631,2018-04-13T01:50:10Z,2022-12-02T03:33:19Z,65725,2441
code4craft/webmagic,11524,2013-04-23T12:57:36Z,2025-02-13T14:51:18Z,17420,4175
realm/realm-java,11483,2012-04-20T09:18:42Z,2025-01-10T23:09:27Z,65940,1754
careercup/CtCI-6th-Edition,11402,2015-07-02T06:28:46Z,2024-08-04T15:06:57Z,21487,4419
gyf-dev/ImmersionBar,11376,2017-04-19T05:10:09Z,2022-03-25T02:26:08Z,325009,1903
Team-xManager/xManager,11302,2021-02-08T11:31:10Z,2025-01-08T23:33:19Z,4728,306
newbee-ltd/newbee-mall,11267,2019-09-21T03:56:04Z,2023-10-09T05:29:29Z,36232,2728
permissions-dispatcher/PermissionsDispatcher,11228,2015-08-15T21:41:05Z,2023-11-10T04:44:43Z,3009,1438
OpenRefine/OpenRefine,11212,2012-10-15T02:22:48Z,2025-03-21T22:22:32Z,405565,2034
debezium/debezium,11210,2016-01-22T20:17:05Z,2025-03-22T12:44:28Z,59825,2624
plantuml/plantuml,11163,2010-11-04T15:55:50Z,2025-03-23T14:09:51Z,330410,1018
mission-peace/interview,11140,2014-07-20T21:27:31Z,2024-07-31T18:47:32Z,1200,5173
H07000223/FlycoTabLayout,11091,2015-11-09T01:53:19Z,2023-05-28T16:32:48Z,2620,2415
jhy/jsoup,11086,2009-12-19T01:29:58Z,2025-03-18T00:25:13Z,5786,2222
lingochamp/FileDownloader,11079,2015-12-22T11:17:16Z,2024-08-04T01:25:26Z,40720,2208
jfeinstein10/SlidingMenu,11061,2012-06-30T05:14:23Z,2021-09-19T14:04:18Z,32085,5026
androidannotations/androidannotations,11043,2012-01-06T08:48:03Z,2022-05-31T13:16:38Z,22510,2343
apereo/cas,11042,2011-09-09T01:36:42Z,2025-03-23T01:18:39Z,268880,3949
daniulive/SmarterStreaming,11028,2016-03-26T14:46:02Z,2025-03-11T15:29:35Z,6823287,2762
trinodb/trino,11019,2019-01-19T06:38:14Z,2025-03-23T18:16:31Z,281918,3140
square/javapoet,10857,2013-02-01T16:56:30Z,2024-10-10T21:04:58Z,1954,1387
alibaba/vlayout,10790,2017-02-27T08:11:47Z,2021-07-14T04:40:34Z,1726,1792
aosp-mirror/platform_frameworks_base,10708,2008-10-21T18:20:37Z,2025-03-21T22:14:37Z,7649821,6321
doocs/jvm,10671,2018-06-23T01:12:59Z,2025-03-17T09:13:42Z,66117,2290
PaperMC/Paper,10658,2016-01-22T05:40:19Z,2025-03-23T21:34:10Z,112712,2469
android-async-http/android-async-http,10632,2011-02-20T03:25:07Z,2023-04-17T14:55:24Z,3063,4084
TooTallNate/Java-WebSocket,10625,2010-01-20T23:33:04Z,2025-02-17T08:49:17Z,4228,2591
jeasonlzy/okhttp-OkGo,10611,2016-01-15T10:35:24Z,2022-09-06T01:29:03Z,84860,2554
clojure/clojure,10576,2010-06-29T20:03:33Z,2025-02-25T21:05:01Z,18176,1469
jwtk/jjwt,10548,2014-09-13T01:06:24Z,2025-03-19T15:47:15Z,3137,1348
apple/pkl,10541,2024-01-19T17:28:45Z,2025-03-19T16:08:12Z,6035,297
google/auto,10488,2013-05-22T21:41:56Z,2025-03-22T14:26:11Z,44100,1204
provectus/kafka-ui,10488,2019-11-26T15:55:55Z,2024-07-26T08:00:52Z,30382,1255
lipangit/JiaoZiVideoPlayer,10487,2016-02-06T11:04:24Z,2020-09-14T19:02:20Z,143896,2426
tbruyelle/RxPermissions,10483,2015-09-29T13:55:09Z,2022-05-11T09:47:47Z,587,1321
asLody/VirtualApp,10457,2016-07-06T13:25:23Z,2025-03-18T05:41:37Z,35194,2937
datahub-project/datahub,10443,2015-11-18T05:47:40Z,2025-03-23T16:50:15Z,404689,3070
opensearch-project/OpenSearch,10388,2021-01-29T22:10:00Z,2025-03-21T22:38:52Z,576309,1967
JessYanCoding/MVPArms,10283,2016-08-06T08:49:56Z,2023-03-22T06:53:43Z,5963,2384
Activiti/Activiti,10271,2012-09-13T11:34:43Z,2025-03-23T20:09:30Z,125242,6968
JakeWharton/ViewPagerIndicator,10120,2011-08-04T17:13:44Z,2017-11-26T17:13:46Z,8657,4001
resilience4j/resilience4j,10049,2015-06-03T09:21:01Z,2025-02-24T08:08:48Z,8413,1381
LawnchairLauncher/lawnchair,10001,2017-03-03T13:12:58Z,2025-03-23T00:36:40Z,644906,1273
beemdevelopment/Aegis,9980,2016-08-15T19:10:31Z,2025-02-25T17:22:19Z,21761,418
xpipe-io/xpipe,9962,2023-01-27T02:25:38Z,2025-03-23T20:06:42Z,32977,350
zfile-dev/zfile,9935,2019-08-19T13:57:56Z,2024-10-26T02:17:40Z,46394,1870
wasabeef/glide-transformations,9921,2015-01-09T10:33:29Z,2022-03-08T16:07:21Z,26509,1407
awsdocs/aws-doc-sdk-examples,9891,2016-08-18T19:06:57Z,2025-03-21T10:35:02Z,250441,5738
googlesamples/easypermissions,9889,2015-12-22T18:05:53Z,2023-08-01T18:11:12Z,635,1457
paascloud/paascloud-master,9877,2018-03-17T05:40:43Z,2023-10-09T02:24:04Z,16083,4303
ssssssss-team/spider-flow,9866,2020-03-27T11:07:15Z,2023-06-14T22:27:23Z,3382,1906
stanfordnlp/CoreNLP,9825,2013-06-27T21:13:49Z,2025-03-22T08:00:49Z,396331,2712
uknownothingsnow/JsBridge,9823,2015-02-26T12:10:58Z,2024-05-13T05:14:53Z,649,2021
hackware1993/MagicIndicator,9766,2016-06-26T08:20:43Z,2024-12-07T07:46:58Z,54749,1552
HarlonWang/AVLoadingIndicatorView,9754,2015-10-24T20:18:33Z,2023-04-06T06:05:06Z,14399,1891
YoKeyword/Fragmentation,9726,2016-02-23T08:54:55Z,2024-05-30T13:05:05Z,29343,2113
StarRocks/starrocks,9712,2021-09-04T02:29:35Z,2025-03-23T09:55:31Z,479672,1941
perwendel/spark,9653,2011-05-05T11:52:05Z,2023-10-08T09:20:37Z,2503,1567
ksoichiro/Android-ObservableScrollView,9653,2014-11-08T14:45:20Z,2021-06-01T03:54:51Z,13780,2060
react-native-camera/react-native-camera,9649,2015-04-01T00:54:40Z,2023-06-07T10:03:10Z,17586,3538
lihengming/spring-boot-api-project-seed,9628,2017-06-23T10:06:30Z,2023-12-17T23:35:07Z,77,3785
OpenFeign/feign,9618,2013-06-26T23:28:16Z,2025-03-21T05:46:38Z,9695,1939
microg/GmsCore,9590,2014-04-23T19:28:47Z,2025-03-14T08:54:49Z,12416,1845
liaohuqiu/android-Ultra-Pull-To-Refresh,9580,2014-11-13T03:13:10Z,2023-05-28T15:12:24Z,3474,2650
koral--/android-gif-drawable,9579,2013-01-30T01:37:46Z,2024-07-31T08:56:47Z,6060,1782
bilibili/DanmakuFlameMaster,9568,2013-08-11T12:18:50Z,2020-02-27T08:51:28Z,3580,2112
MyCATApache/Mycat-Server,9546,2014-12-04T02:46:54Z,2024-01-15T06:17:13Z,19570,3848
umano/AndroidSlidingUpPanel,9509,2013-05-31T18:33:53Z,2022-07-21T00:21:03Z,2861,2262
signalapp/Signal-Server,9437,2013-12-09T07:10:36Z,2025-03-20T17:34:27Z,18004,2218
SonarSource/sonarqube,9421,2011-01-05T11:05:17Z,2025-03-21T20:03:19Z,958571,2056
pockethub/PocketHub,9388,2011-09-08T16:52:50Z,2023-06-06T08:03:11Z,11945,3449
crossoverJie/cim,9385,2018-05-20T15:55:56Z,2024-11-20T09:47:50Z,34954,2862
Justson/AgentWeb,9303,2017-05-12T07:45:56Z,2023-12-09T10:30:43Z,29032,1647
xuchengsheng/spring-reading,9296,2023-09-15T06:42:44Z,2024-07-29T06:13:59Z,2808,1154
android/testing-samples,9244,2014-10-11T03:51:27Z,2024-12-09T09:29:09Z,12132,3636
GcsSloop/AndroidNote,9232,2016-01-04T23:51:36Z,2024-03-18T08:17:39Z,7036,2141
huanghaibin-dev/CalendarView,9224,2017-03-11T07:16:09Z,2025-02-07T10:11:31Z,156814,1815
apache/cassandra,9102,2009-05-21T02:10:09Z,2025-03-21T18:56:38Z,447767,3677
cats-oss/android-gpuimage,9072,2012-10-04T08:11:58Z,2022-08-03T16:07:30Z,1368,2274
json-path/JsonPath,9070,2011-01-24T13:19:19Z,2024-07-30T13:29:30Z,2694,1666
spring-projects/spring-security,9036,2012-01-10T21:50:57Z,2025-03-22T03:54:32Z,81346,6003
didi/VirtualAPK,9017,2017-06-29T07:25:05Z,2023-07-13T22:06:36Z,1010,1529
ashishps1/awesome-leetcode-resources,9001,2023-10-25T01:48:19Z,2025-02-28T21:09:27Z,246,2184
navasmdc/MaterialDesignLibrary,8982,2014-09-30T07:37:17Z,2023-05-28T17:32:11Z,8930,2216
seven332/EhViewer,8964,2014-05-14T12:03:52Z,2019-08-09T04:50:17Z,111228,960
KunMinX/Jetpack-MVVM-Best-Practice,8912,2019-10-31T05:21:01Z,2024-02-07T21:55:33Z,10737,1647
nathanmarz/storm,8821,2011-09-17T07:55:13Z,2017-08-16T04:24:20Z,27015,1665
laobie/StatusBarUtil,8806,2016-02-15T03:06:06Z,2022-06-24T09:55:37Z,9364,1721
Freelander/Android_Data,8770,2015-04-04T01:37:44Z,2024-01-15T03:03:28Z,153,2027
Blankj/awesome-java-leetcode,8708,2017-04-17T15:51:41Z,2020-12-10T15:20:21Z,512,1725
chrisbanes/Android-PullToRefresh,8701,2011-11-29T09:59:56Z,2017-10-13T08:40:58Z,4286,4686
apache/jmeter,8653,2010-05-26T23:38:07Z,2025-03-20T12:57:25Z,133336,2156
java-native-access/jna,8653,2011-04-29T13:30:29Z,2025-03-16T11:48:45Z,702645,1684
ybq/Android-SpinKit,8650,2016-03-20T08:40:51Z,2023-05-28T14:27:04Z,10241,1311
flyway/flyway,8624,2012-12-14T18:43:22Z,2025-03-21T09:41:25Z,1190369,1533
shwenzhang/AndResGuard,8584,2015-10-11T11:48:06Z,2023-10-20T04:14:07Z,8343,1542
chrisjenx/Calligraphy,8584,2013-12-20T02:35:45Z,2024-04-21T20:12:01Z,1523,1091
facebook/buck,8557,2013-04-17T18:12:18Z,2023-10-25T02:45:11Z,2024585,1153
apache/shenyu,8554,2018-07-11T08:17:45Z,2025-03-20T08:15:07Z,62652,2971
airbnb/epoxy,8538,2016-08-08T23:05:11Z,2024-06-07T16:52:53Z,34091,727
junit-team/junit4,8531,2009-01-13T03:41:26Z,2024-08-20T10:24:03Z,24340,3279
react-native-image-picker/react-native-image-picker,8528,2015-06-08T20:25:31Z,2025-02-27T09:13:43Z,3238,2090
dropwizard/dropwizard,8525,2011-01-19T19:52:29Z,2025-03-23T20:29:13Z,112670,3441
checkstyle/checkstyle,8521,2013-08-31T02:05:05Z,2025-03-23T21:33:07Z,189623,3822
karatelabs/karate,8495,2017-02-07T15:59:17Z,2025-03-17T16:11:33Z,26442,1975
amitshekhariitbhu/Android-Debug-Database,8465,2016-11-16T14:20:24Z,2024-08-18T19:20:11Z,1697,872
roughike/BottomBar,8407,2016-03-16T01:31:05Z,2021-09-16T11:19:06Z,40819,1499
hs-web/hsweb-framework,8367,2016-01-18T03:51:39Z,2025-03-18T10:48:02Z,33929,3049
apache/seatunnel,8364,2017-08-05T09:14:47Z,2025-03-21T16:06:36Z,43337,1927
google/tsunami-security-scanner,8360,2020-06-03T16:20:00Z,2025-03-19T10:05:09Z,904,899
flowable/flowable-engine,8304,2016-10-13T07:21:43Z,2025-03-20T13:13:29Z,232499,2689
DImuthuUpe/AndroidPdfViewer,8266,2016-06-02T20:21:21Z,2024-05-29T16:07:58Z,2724,1938
apache/shardingsphere-elasticjob,8173,2015-09-11T11:28:52Z,2025-01-10T07:56:34Z,46052,3285
testcontainers/testcontainers-java,8162,2015-04-12T12:44:59Z,2025-03-17T23:42:44Z,13610,1686
alibaba/atlas,8140,2017-02-28T06:31:43Z,2022-01-27T14:31:30Z,84497,1475
florent37/MaterialViewPager,8120,2015-04-24T17:53:15Z,2018-10-12T01:11:20Z,19557,1478
guolindev/LitePal,8107,2013-02-20T03:20:07Z,2022-08-19T08:29:56Z,5433,1586
wildfirechat/im-server,8107,2019-01-23T15:21:28Z,2025-03-05T11:28:01Z,21885,1829
alibaba/otter,8093,2013-08-09T09:31:22Z,2024-05-25T10:39:10Z,12042,2494
apache/beam,8046,2016-02-02T08:00:06Z,2025-03-23T21:33:47Z,788476,4318
frohoff/ysoserial,8045,2015-01-28T07:13:55Z,2024-03-31T02:47:00Z,463,1784
Netflix/SimianArmy,7983,2012-07-06T22:00:05Z,2018-12-18T09:29:22Z,15326,1132
davemorrissey/subsampling-scale-image-view,7940,2013-08-26T16:45:25Z,2024-04-22T02:45:16Z,57935,1209
pentaho/pentaho-kettle,7925,2013-10-08T18:27:11Z,2025-03-23T06:23:32Z,694022,3508
JakeWharton/hugo,7923,2013-11-25T09:16:40Z,2022-01-05T11:19:51Z,201,798
alibaba/transmittable-thread-local,7885,2013-10-13T08:48:33Z,2025-03-21T01:59:48Z,3638,1703
aritraroy/UltimateAndroidReference,7870,2017-04-10T07:28:27Z,2024-07-18T10:43:57Z,543,1289
junixapp/XPopup,7861,2018-12-07T06:16:48Z,2025-02-01T03:21:47Z,152978,1190
HannahMitt/HomeMirror,7852,2015-08-23T03:20:08Z,2023-05-28T16:33:49Z,6207,668
dropwizard/metrics,7843,2010-02-26T19:44:42Z,2025-03-20T16:57:14Z,20712,1812
LSPosed/LSPatch,7813,2021-03-01T19:38:36Z,2023-12-13T04:54:49Z,10312,872
ChrisRM/material-theme-jetbrains,7804,2015-09-23T07:15:04Z,2022-01-26T21:43:17Z,148338,448
apache/tomcat,7757,2011-10-01T07:00:19Z,2025-03-21T21:41:29Z,176485,5126
bytedeco/javacv,7723,2014-04-21T13:50:26Z,2025-03-19T09:56:19Z,7935,1604
trello-archive/RxLifecycle,7704,2015-07-20T13:32:23Z,2023-03-23T15:41:20Z,897,638
software-mansion/react-native-svg,7672,2016-01-17T14:29:21Z,2025-03-11T21:40:34Z,88560,1149
vipshop/vjtools,7649,2018-05-29T09:07:08Z,2023-09-06T13:34:00Z,2108,1524
goldze/MVVMHabit,7645,2017-07-21T10:38:40Z,2022-08-11T09:18:55Z,1298,1697
aeron-io/aeron,7637,2014-02-07T17:16:58Z,2025-03-20T19:12:32Z,70587,912
Graylog2/graylog2-server,7607,2010-05-17T21:27:02Z,2025-03-22T12:57:08Z,190810,1082
cabaletta/baritone,7599,2018-08-01T15:34:21Z,2025-03-20T21:42:51Z,16276,1527
gedoor/MyBookshelf,7594,2018-06-12T03:48:07Z,2022-04-01T02:57:15Z,27255,1816
google/android-classyshark,7563,2015-10-12T13:40:48Z,2023-05-19T10:01:03Z,24865,870
Tencent/Shadow,7553,2019-06-13T10:50:27Z,2024-12-25T12:49:34Z,3641,1318
kaushikgopal/RxJava-Android-Samples,7538,2014-07-23T05:13:52Z,2023-08-08T02:18:57Z,1188,1373
koush/AndroidAsync,7537,2012-08-24T07:27:04Z,2022-11-23T15:20:07Z,3720,1561
PojavLauncherTeam/PojavLauncher,7528,2020-03-11T03:22:54Z,2025-03-23T08:53:47Z,910641,1390
google/closure-compiler,7488,2014-04-16T15:30:36Z,2025-03-21T21:35:35Z,185423,1161
kevin-wayne/algs4,7471,2015-08-31T09:28:49Z,2025-01-06T14:41:55Z,2013,2679
twowaits/SDE-Interview-Questions,7450,2017-10-25T11:08:52Z,2022-08-26T02:19:52Z,1461,2211
lecho/hellocharts-android,7443,2014-10-12T09:12:37Z,2021-06-01T03:12:09Z,6126,1614
yuanguangxin/LeetCode,7420,2020-01-11T01:02:02Z,2024-08-17T07:55:56Z,272,1882
swagger-api/swagger-core,7417,2011-07-05T23:44:11Z,2025-03-20T09:06:20Z,21984,2196
PowerJob/PowerJob,7390,2020-03-16T09:19:55Z,2025-01-21T16:15:14Z,19516,1298
HMCL-dev/HMCL,7381,2015-06-22T08:06:03Z,2025-03-23T18:52:17Z,29874,703
dyc87112/SpringCloud-Learning,7376,2016-08-21T03:39:52Z,2023-02-22T07:00:15Z,1265,2881
lenve/VBlog,7369,2017-12-26T11:01:55Z,2023-05-28T15:31:22Z,3841,2914
abel533/Mapper,7367,2014-11-21T11:02:10Z,2024-11-04T04:46:56Z,2274,1627
leolin310148/ShortcutBadger,7352,2013-11-15T12:51:52Z,2023-09-14T17:38:02Z,1231,1343
Qihoo360/RePlugin,7308,2017-06-08T09:39:09Z,2024-09-04T03:21:37Z,25364,1537
square/dagger,7304,2012-08-02T23:25:32Z,2021-08-26T11:07:52Z,6861,3072
mapstruct/mapstruct,7280,2012-05-28T12:42:42Z,2025-02-09T21:40:20Z,10944,976
Bearded-Hen/Android-Bootstrap,7277,2013-11-01T15:36:17Z,2021-09-02T06:14:15Z,11507,1420
pedant/sweet-alert-dialog,7258,2014-10-19T09:24:09Z,2021-08-31T11:15:13Z,1694,1934
crazycodeboy/TakePhoto,7243,2015-08-04T02:05:32Z,2019-08-26T09:42:27Z,11513,1506
cymcsg/UltimateRecyclerView,7211,2015-01-28T02:27:45Z,2020-07-21T09:50:37Z,7153,1420
geeeeeeeeek/WeChatLuckyMoney,7209,2015-09-30T16:11:20Z,2019-01-25T02:02:51Z,660,2212
Exrick/xmall,7203,2017-07-28T01:49:49Z,2022-12-16T08:55:14Z,110866,2556
gocd/gocd,7202,2013-12-13T05:26:16Z,2025-03-23T13:34:40Z,404675,977
google/agera,7179,2015-12-17T13:22:58Z,2022-01-13T14:58:57Z,968,634
MinecraftForge/MinecraftForge,7095,2012-01-30T01:35:01Z,2025-03-17T00:04:24Z,121999,2732
ogaclejapan/SmartTabLayout,7092,2015-02-14T11:25:51Z,2020-06-03T06:02:33Z,14671,1338
krahets/LeetCode-Book,7091,2021-12-17T14:16:02Z,2024-05-11T07:33:48Z,858,818
JakeWharton/ActionBarSherlock,7085,2011-03-07T17:28:54Z,2015-12-17T17:54:50Z,21244,3516
apache/iceberg,7064,2018-11-19T16:26:46Z,2025-03-23T14:35:14Z,90011,2442
didi/KnowStreaming,7056,2020-03-19T05:13:51Z,2024-10-12T12:26:14Z,200022,1288
NanoHttpd/nanohttpd,7048,2012-08-10T21:52:42Z,2023-07-25T06:59:07Z,1375,1706
naman14/Timber,7034,2015-06-12T16:43:55Z,2023-04-28T07:13:46Z,17485,2157
NLPchina/elasticsearch-sql,7008,2014-08-24T14:26:31Z,2025-02-04T12:04:45Z,8993,1541
Alluxio/alluxio,6961,2012-12-21T17:43:46Z,2025-02-18T19:15:58Z,205627,2945
google/error-prone,6947,2014-08-21T23:26:50Z,2025-03-22T23:47:02Z,152363,752
rest-assured/rest-assured,6938,2010-10-21T08:35:43Z,2025-02-14T13:45:30Z,11312,1884
DroidPluginTeam/DroidPlugin,6919,2015-08-27T11:14:57Z,2024-06-06T02:32:38Z,1859,2523
mrniko/netty-socketio,6914,2012-01-12T11:43:49Z,2025-03-19T08:43:35Z,2254,1670
jeecgboot/jimureport,6879,2019-12-05T12:25:59Z,2025-03-12T12:21:52Z,104673,1722
hongyangAndroid/okhttputils,6870,2015-08-17T14:53:29Z,2022-10-12T06:21:59Z,17152,2385
h2pl/JavaTutorial,6861,2018-05-01T15:57:21Z,2023-08-26T12:40:21Z,4882,1588
alibaba/jvm-sandbox,6860,2017-08-03T02:55:31Z,2024-10-03T17:09:13Z,1874,1575
gunnarmorling/1brc,6836,2023-12-28T09:13:24Z,2024-08-20T15:15:15Z,2744,1990
Meituan-Dianping/walle,6814,2017-01-10T03:39:25Z,2024-05-30T09:26:19Z,528,1086
dependency-check/DependencyCheck,6812,2012-09-03T20:43:30Z,2025-03-23T11:42:28Z,290717,1339
AntennaPod/AntennaPod,6800,2012-07-31T10:25:08Z,2025-03-20T16:23:36Z,113142,1446
zo0r/react-native-push-notification,6777,2015-12-14T19:53:36Z,2024-01-30T05:26:00Z,1688,2054
Angel-ML/angel,6752,2017-04-25T05:57:43Z,2024-01-16T08:06:37Z,93424,1594
rabbitmq/rabbitmq-tutorials,6730,2010-09-21T11:41:26Z,2025-03-21T18:50:03Z,5435,3571
zouzg/mybatis-generator-gui,6699,2016-05-08T22:39:39Z,2024-07-09T08:13:22Z,14934,2534
markzhai/AndroidPerformanceMonitor,6698,2016-01-17T05:23:22Z,2023-07-15T06:37:52Z,1077,1023
hongyangAndroid/AndroidAutoLayout,6675,2015-11-19T02:09:11Z,2018-11-26T13:24:38Z,7466,1895
guardianproject/haven,6672,2017-03-01T03:20:03Z,2022-10-26T22:43:24Z,24387,730
Genymobile/gnirehtet,6671,2017-02-09T16:01:13Z,2024-08-11T05:17:19Z,1036,618
macrozheng/springcloud-learning,6648,2019-09-07T02:36:16Z,2024-08-08T06:08:57Z,261,2805
smuyyh/BookReader,6647,2016-08-03T05:17:27Z,2023-04-24T05:36:16Z,31940,1882
wiremock/wiremock,6645,2011-10-09T20:27:24Z,2025-03-20T16:14:47Z,47147,1460
yanzhenjie/AndPermission,6633,2016-09-11T05:17:34Z,2024-01-04T06:43:43Z,1665,1102
527515025/springBoot,6631,2016-11-07T02:13:31Z,2024-01-27T09:59:46Z,868,3152
apache/storm,6613,2013-11-05T08:00:14Z,2025-03-22T00:33:47Z,155621,4077
gzu-liyujiang/AndroidPicker,6599,2015-10-21T14:21:16Z,2024-12-01T05:11:23Z,28194,1480
GrenderG/Toasty,6589,2017-01-18T18:52:41Z,2022-09-28T23:46:04Z,977,810
getActivity/AndroidProject,6589,2018-10-23T10:30:55Z,2022-09-10T10:55:13Z,89374,1378
ZCShou/GoGoGo,6582,2021-12-03T06:59:39Z,2025-03-11T23:57:48Z,413545,772
langchain4j/langchain4j,6576,2023-06-20T15:30:29Z,2025-03-21T17:52:29Z,12789,1230
fuzhengwei/itstack-demo-design,6570,2020-05-20T13:45:30Z,2024-05-10T10:05:58Z,1827,1953
junit-team/junit5,6556,2015-01-11T19:06:10Z,2025-03-23T13:26:04Z,700655,1531
Meituan-Dianping/Leaf,6550,2018-12-11T07:41:35Z,2023-07-18T10:13:29Z,149,1853
NLPchina/ansj_seg,6519,2012-09-05T05:56:24Z,2023-11-19T06:15:23Z,352518,2314
processing/processing,6503,2013-01-24T21:17:22Z,2024-12-18T10:51:07Z,1648015,1500
apache/zeppelin,6472,2015-03-25T07:00:06Z,2025-03-20T02:20:29Z,107073,2817
ximsfei/Android-skin-support,6463,2017-01-12T15:03:54Z,2020-09-03T06:06:18Z,54130,1091
quartz-scheduler/quartz,6443,2016-03-07T14:05:37Z,2025-03-21T01:25:08Z,26591,1959
raphw/byte-buddy,6442,2013-11-25T19:38:03Z,2025-03-22T22:00:05Z,1005907,813
vinc3m1/RoundedImageView,6432,2013-02-22T01:17:37Z,2023-01-27T18:56:33Z,8746,1250
ArthurHub/Android-Image-Cropper,6423,2015-01-15T10:49:37Z,2023-09-17T15:20:18Z,26047,1383
JesusFreke/smali,6418,2012-09-23T19:51:16Z,2024-01-17T22:59:22Z,9535,1082
CoderLeixiaoshuai/java-eight-part,6402,2020-10-16T16:27:04Z,2023-11-28T07:14:21Z,308,1016
wxiaoqi/Spring-Cloud-Platform,6400,2017-05-25T10:35:26Z,2024-08-29T13:07:53Z,212466,2393
zendesk/android-floating-action-button,6378,2014-09-19T06:49:21Z,2023-01-02T13:49:03Z,606,1450
jOOQ/jOOQ,6338,2011-04-17T10:43:33Z,2025-03-20T12:03:59Z,277053,1214
AsyncHttpClient/async-http-client,6325,2011-03-07T13:41:46Z,2025-03-19T06:58:41Z,19137,1595
Col-E/Recaf,6319,2017-07-27T06:01:10Z,2025-03-19T19:56:15Z,59066,477
sshahine/JFoenix,6314,2015-09-08T14:04:24Z,2023-06-28T17:20:35Z,28243,1053
aa112901/remusic,6295,2016-03-24T06:20:39Z,2018-07-20T03:52:21Z,115952,1924
wasabeef/richeditor-android,6290,2015-03-30T16:19:20Z,2024-05-21T09:52:28Z,2898,1199
koush/ion,6282,2013-05-22T07:41:23Z,2024-02-01T19:55:49Z,11832,1035
joelittlejohn/jsonschema2pojo,6277,2013-06-22T22:28:53Z,2024-12-19T23:29:11Z,12121,1660
hazelcast/hazelcast,6271,2012-03-21T12:25:18Z,2025-03-21T12:57:15Z,414407,1859
amitshekhariitbhu/from-java-to-kotlin,6257,2017-05-21T11:56:27Z,2024-09-09T04:05:20Z,258,790
lightbend/config,6221,2011-12-06T08:02:29Z,2024-08-19T20:31:15Z,4635,963
ityouknow/spring-cloud-examples,6216,2017-04-28T08:48:53Z,2023-07-18T20:52:20Z,76,3082
pig-mesh/pig,6197,2019-08-26T03:24:53Z,2025-03-23T18:07:44Z,38989,986
micronaut-projects/micronaut-core,6193,2018-03-07T12:05:08Z,2025-03-21T21:04:12Z,107221,1094
exadel-inc/CompreFace,6183,2020-07-06T08:29:43Z,2024-10-05T10:45:30Z,566295,833
graphql-java/graphql-java,6166,2015-07-06T06:52:20Z,2025-03-22T01:52:12Z,16325,1127
haifengl/smile,6146,2014-11-20T16:28:12Z,2025-03-23T02:25:00Z,256738,1138
ikew0ng/SwipeBackLayout,6120,2013-08-25T03:36:12Z,2019-09-18T06:44:18Z,2934,1399
google/grafika,6116,2013-12-19T18:36:53Z,2024-02-09T00:34:48Z,1092,1462
hibernate/hibernate-orm,6115,2010-10-04T16:15:52Z,2025-03-23T16:53:19Z,290137,3616
rengwuxian/MaterialEditText,6103,2014-10-30T10:07:23Z,2019-08-27T08:05:32Z,1260,1041
daimajia/NumberProgressBar,6093,2014-05-01T08:54:25Z,2020-09-27T09:09:15Z,158,1401
apache/hertzbeat,6085,2022-02-04T14:48:56Z,2025-03-23T02:39:00Z,374059,1074
vespa-engine/vespa,6068,2016-06-03T20:54:20Z,2025-03-23T21:02:36Z,455575,625
gephi/gephi,6059,2011-10-22T03:14:46Z,2025-03-05T20:09:06Z,654674,1578
pedrovgs/EffectiveAndroidUI,6024,2014-07-04T08:42:20Z,2023-09-06T06:28:37Z,994,1191
getActivity/XXPermissions,6020,2018-06-15T14:31:29Z,2024-07-17T07:23:52Z,84987,811
singwhatiwanna/dynamic-load-apk,6019,2014-03-30T11:51:00Z,2024-07-16T17:56:54Z,8956,1995
google/j2objc,6007,2014-01-30T20:19:56Z,2025-03-21T18:15:25Z,104611,980
apache/flink-cdc,6006,2020-07-27T19:23:33Z,2025-03-20T03:34:51Z,41337,2007
rey5137/material,5997,2014-12-09T12:07:32Z,2023-05-28T15:35:01Z,3901,1317
auth0/java-jwt,5995,2014-03-07T15:06:11Z,2025-01-29T14:39:18Z,1516,934
google/physical-web,5988,2014-09-30T18:32:14Z,2018-12-05T21:09:11Z,33447,663
wyouflf/xUtils3,5980,2015-10-28T10:56:04Z,2022-03-19T03:24:30Z,9041,1979
apache/incubator-kie-drools,5977,2011-02-18T08:37:05Z,2025-03-23T04:08:49Z,297393,2535
Vedenin/useful-java-links,5965,2016-02-13T13:14:52Z,2024-11-16T08:06:19Z,2411,1186
liyifeng1994/ssm,5951,2016-06-18T17:58:56Z,2022-12-16T05:53:22Z,12364,2748
robolectric/robolectric,5942,2010-08-28T00:28:25Z,2025-03-19T21:15:27Z,62540,1374
springfox/springfox,5937,2012-05-06T06:38:57Z,2024-03-18T18:36:28Z,186279,1536
antoniolg/androidmvp,5926,2014-04-02T05:42:20Z,2023-06-25T07:36:42Z,327,1570
prolificinteractive/material-calendarview,5921,2015-02-09T22:31:56Z,2023-05-28T16:37:44Z,4823,1311
DerekYRC/mini-spring,5906,2020-11-17T11:59:18Z,2024-08-15T03:46:31Z,1085,1378
alipay/SoloPi,5906,2019-03-14T15:32:49Z,2024-07-11T07:19:06Z,272397,1229
LandGrey/SpringBootVulExploit,5890,2020-05-20T09:18:44Z,2021-03-10T13:03:25Z,135,1313
weibocom/motan,5885,2016-04-20T10:56:17Z,2025-03-20T12:09:36Z,4593,1769
btraceio/btrace,5872,2014-08-28T18:58:24Z,2025-03-14T18:41:02Z,17603,961
vavr-io/vavr,5869,2014-01-30T14:07:25Z,2025-03-17T05:29:46Z,23304,643
lets-blade/blade,5861,2015-06-10T03:35:49Z,2025-02-11T05:23:47Z,3382,1172
jetlinks/jetlinks-community,5828,2020-01-02T07:27:34Z,2025-03-19T02:54:34Z,69036,1733
journeyapps/zxing-android-embedded,5827,2012-11-28T16:36:39Z,2024-08-04T04:24:21Z,8388,1280
Nightonke/BoomMenu,5803,2016-03-19T12:04:12Z,2023-03-12T07:41:43Z,103934,1152
yarolegovich/DiscreteScrollView,5789,2017-03-03T23:38:54Z,2024-08-19T09:48:41Z,33353,784
changmingxie/tcc-transaction,5786,2015-12-05T04:27:53Z,2025-01-24T07:50:02Z,7095,2788
JakeWharton/DiskLruCache,5786,2012-01-05T00:36:34Z,2020-03-02T13:54:37Z,416,1177
apache/camel,5771,2009-05-21T00:25:36Z,2025-03-23T14:44:40Z,1033956,5006
dmytrodanylyk/circular-progress-button,5769,2014-06-07T12:58:48Z,2025-03-21T07:15:45Z,962,1181
amitshekhariitbhu/Fast-Android-Networking,5766,2016-03-21T18:35:44Z,2024-08-18T19:20:34Z,2856,966
obsidiandynamics/kafdrop,5764,2019-05-27T08:46:56Z,2025-03-21T17:22:33Z,2904,872
google/google-java-format,5737,2015-05-11T20:38:28Z,2025-03-20T18:18:37Z,2092,872
Devlight/InfiniteCycleViewPager,5736,2016-08-22T08:04:39Z,2022-08-09T20:20:47Z,279,828
ffay/lanproxy,5726,2016-11-20T08:12:10Z,2024-04-14T03:18:19Z,9573,1550
WeiYe-Jing/datax-web,5726,2019-11-19T01:09:05Z,2024-06-02T10:35:32Z,43670,2187
648540858/wvp-GB28181-pro,5721,2020-11-14T14:16:37Z,2025-03-21T03:32:58Z,52072,1623
traccar/traccar,5721,2012-04-16T08:33:49Z,2025-03-22T13:45:05Z,23747,2713
javaparser/javaparser,5718,2011-10-30T14:03:44Z,2025-03-22T01:58:02Z,45504,1192
k0shk0sh/FastHub,5715,2017-02-18T17:53:16Z,2022-09-12T13:15:21Z,19973,925
jpush/aurora-imui,5712,2016-12-13T05:24:01Z,2022-12-30T04:04:35Z,11470,998
apache/iotdb,5712,2018-11-24T21:29:17Z,2025-03-23T11:49:44Z,311874,1037
opengoofy/hippo4j,5708,2021-06-16T02:59:48Z,2025-02-23T15:03:40Z,23733,1203
Nepxion/Discovery,5700,2018-06-21T16:16:49Z,2024-10-15T11:10:53Z,237213,1431
springside/springside4,5699,2012-02-23T08:39:03Z,2022-10-25T03:19:06Z,4837,2898
apache/hudi,5699,2016-12-14T15:53:41Z,2025-03-23T16:15:32Z,1778072,2391
nayuki/QR-Code-generator,5693,2016-04-15T02:19:41Z,2025-01-23T07:33:13Z,1389,1154
apache/pinot,5683,2014-05-19T23:27:48Z,2025-03-22T18:55:38Z,325033,1345
yanzhenjie/SwipeRecyclerView,5682,2016-08-03T15:43:34Z,2024-07-30T05:28:04Z,29347,1098
graphhopper/graphhopper,5678,2012-02-18T19:57:38Z,2025-03-20T09:06:31Z,137822,1682
JakeWharton/u2020,5671,2013-11-14T11:58:23Z,2023-05-28T12:22:30Z,9385,926
apache/hive,5664,2009-05-21T02:31:01Z,2025-03-23T09:30:56Z,733929,4724
FongMi/TV,5660,2022-06-22T09:10:23Z,2025-03-18T07:25:20Z,338422,1875
ZhongFuCheng3y/austin,5653,2021-11-06T09:36:01Z,2024-12-17T07:43:25Z,20073,1395
youtube/api-samples,5648,2013-12-09T18:41:41Z,2024-06-09T20:38:03Z,816,3001
Javen205/IJPay,5646,2017-05-02T03:15:32Z,2025-02-17T13:59:20Z,25407,1379
crazycodeboy/react-native-splash-screen,5640,2016-09-14T10:43:55Z,2024-07-30T16:31:56Z,3912,1104
hanks-zyh/HTextView,5640,2015-12-19T16:34:59Z,2021-05-07T03:48:05Z,9880,813
wasabeef/Blurry,5631,2015-07-23T14:12:08Z,2023-04-27T15:54:45Z,2286,606
daimajia/AndroidImageSlider,5624,2014-06-02T06:04:17Z,2020-10-01T16:41:17Z,2165,1654
JSQLParser/JSqlParser,5609,2011-06-23T22:51:52Z,2025-03-21T23:44:27Z,13186,1374
hongyangAndroid/FlowLayout,5595,2015-08-28T09:32:31Z,2019-10-13T14:59:04Z,910,1166
amlcurran/ShowcaseView,5590,2012-08-14T19:07:36Z,2018-02-01T16:31:39Z,15237,1285
dromara/lamp-cloud,5584,2018-01-17T02:51:04Z,2025-03-12T06:45:13Z,47141,1749
MuntashirAkon/AppManager,5572,2020-05-30T04:08:56Z,2025-03-22T08:02:00Z,77915,313
TommyLemon/Android-ZBLibrary,5561,2015-08-20T16:03:53Z,2024-11-30T14:16:39Z,32789,1378
jagrosh/MusicBot,5558,2016-08-14T18:46:29Z,2024-11-16T15:22:38Z,7798,2655
knightliao/disconf,5553,2014-05-30T09:39:27Z,2023-07-18T10:35:44Z,8619,2284
nhaarman/ListViewAnimations,5551,2013-03-19T11:59:23Z,2016-11-03T13:04:11Z,25513,1644
redis/lettuce,5533,2014-05-10T13:08:46Z,2025-03-23T01:58:51Z,23969,1009
logisim-evolution/logisim-evolution,5530,2014-09-19T05:23:24Z,2025-03-18T05:57:01Z,116882,700
ElderDrivers/EdXposed,5526,2019-01-18T16:18:19Z,2022-04-12T13:23:50Z,12036,633
ZHENFENG13/spring-boot-projects,5526,2017-04-01T01:50:14Z,2023-02-27T15:34:14Z,14626,1615
baidu/uid-generator,5509,2017-03-27T04:03:43Z,2023-05-31T08:04:59Z,390,1564
TeamAmaze/AmazeFileManager,5503,2014-07-14T19:47:53Z,2025-03-22T14:36:13Z,62355,1599
emilsjolander/StickyListHeaders,5501,2012-03-11T18:29:18Z,2021-05-21T09:48:05Z,3866,1513
sockeqwe/mosby,5480,2015-03-25T00:59:19Z,2022-03-09T15:17:41Z,26564,842
wuhaoyu1990/MagicCamera,5473,2016-01-08T11:36:56Z,2020-10-22T09:22:50Z,17476,1625
alibaba/freeline,5472,2016-08-03T17:22:52Z,2020-05-10T15:57:31Z,75385,621
danikula/AndroidVideoCache,5459,2015-04-01T11:25:52Z,2023-03-14T18:23:44Z,116062,1169
dm77/barcodescanner,5454,2014-02-24T21:14:09Z,2020-07-01T15:06:59Z,10971,1432
JanusGraph/janusgraph,5453,2016-12-26T13:26:29Z,2025-03-19T11:06:31Z,60815,1187
scribejava/scribejava,5452,2010-09-05T19:11:40Z,2025-02-01T12:49:11Z,2624,1673
KeepSafe/TapTargetView,5425,2016-09-11T09:07:36Z,2024-10-08T20:23:47Z,4429,594
facebookarchive/rebound,5423,2013-10-11T01:12:37Z,2019-03-27T22:30:26Z,23623,813
meefik/linuxdeploy,5414,2012-08-21T04:49:14Z,2022-06-16T23:14:57Z,53204,691
motianhuo/wechat,5413,2015-05-25T02:33:37Z,2018-08-23T07:54:02Z,96503,2415
apache/dubbo-spring-boot-project,5410,2018-01-18T12:10:50Z,2023-01-25T00:11:57Z,1557,1876
jeequan/jeepay,5410,2017-08-12T02:40:32Z,2025-03-17T06:26:24Z,6604,1828
Jasonchenlijian/FastBle,5382,2016-08-23T02:06:33Z,2022-07-27T09:20:44Z,35234,1238
Evernote/android-job,5370,2015-08-20T19:36:54Z,2022-07-13T04:26:11Z,1860,558
socketio/socket.io-client-java,5368,2013-04-28T17:04:05Z,2025-02-18T21:22:18Z,2401,980
jgilfelt/SystemBarTint,5360,2013-11-17T12:35:05Z,2015-09-05T09:30:48Z,1099,1431
commonsguy/cw-omnibus,5353,2012-03-12T14:12:06Z,2019-02-09T23:04:17Z,75165,3770
facebookarchive/shimmer-android,5343,2015-02-27T22:25:22Z,2023-03-23T16:44:24Z,4787,696
XRecyclerView/XRecyclerView,5333,2015-11-18T08:14:22Z,2023-09-11T08:50:57Z,6529,1257
h6ah4i/android-advancedrecyclerview,5326,2015-01-24T16:14:39Z,2023-08-21T04:59:46Z,9111,857
apache/hbase,5310,2014-05-23T07:00:07Z,2025-03-23T14:47:47Z,497365,3342
mybatis/generator,5301,2013-02-10T11:14:50Z,2025-03-20T19:12:42Z,57513,2504
alibaba/jetcache,5299,2017-04-12T07:48:23Z,2024-12-20T15:34:37Z,3820,1066
evant/gradle-retrolambda,5291,2013-08-05T02:09:58Z,2023-07-24T15:03:12Z,609,446
spring-projects/spring-data-examples,5281,2014-01-30T15:42:43Z,2025-03-19T10:50:45Z,17724,3414
xxv/android-lifecycle,5274,2014-04-18T14:26:22Z,2021-08-19T00:44:07Z,3027,677
yixia/VitamioBundle,5270,2012-10-19T08:40:49Z,2017-04-23T19:32:23Z,186316,2065
apache/groovy,5267,2015-04-16T07:00:05Z,2025-03-23T14:01:52Z,216918,1900
google/google-authenticator,5259,2014-10-08T17:54:27Z,2020-09-28T13:57:17Z,2433,973
zfdang/Android-Touch-Helper,5250,2020-10-16T00:58:41Z,2024-10-12T00:28:42Z,156370,509
Yalantis/Side-Menu.Android,5246,2015-01-13T11:11:27Z,2020-08-08T20:17:09Z,1048,1502
thinkaurelius/titan,5241,2012-02-25T22:53:53Z,2022-10-19T07:57:00Z,91250,1009
coobird/thumbnailator,5239,2015-07-25T05:38:33Z,2025-03-04T03:12:56Z,11405,797
CeuiLiSA/Pixiv-Shaft,5233,2019-04-01T09:59:09Z,2025-02-17T03:47:50Z,174951,195
lucasr/twoway-view,5230,2013-01-18T20:55:23Z,2017-03-20T14:42:55Z,2554,1020
Karumi/Dexter,5224,2015-11-17T13:14:43Z,2021-07-02T10:55:40Z,2928,669
lingochamp/okdownload,5216,2017-12-17T08:21:22Z,2022-11-04T04:02:49Z,8129,780
Clans/FloatingActionButton,5214,2015-03-21T12:36:16Z,2019-07-11T20:43:07Z,3389,1128
201206030/novel,5214,2019-11-11T01:13:52Z,2025-03-19T01:58:15Z,99465,1389
razerdp/BasePopup,5214,2016-01-15T03:31:07Z,2024-01-04T06:27:37Z,20627,760
CodingDocs/springboot-guide,5213,2018-11-28T01:05:07Z,2023-05-28T15:09:17Z,5354,1405
LFDT-web3j/web3j,5198,2016-09-04T05:48:49Z,2025-03-21T10:51:17Z,11241,1712
huangyanbin/smartTable,5186,2017-11-08T01:11:14Z,2022-03-11T09:08:26Z,63951,866
apache/nifi,5185,2014-12-12T08:00:05Z,2025-03-19T20:18:12Z,276646,2776
ddd-by-examples/library,5181,2019-01-11T09:14:03Z,2023-07-07T21:43:17Z,48023,751
hustcc/JS-Sorting-Algorithm,5172,2017-01-19T11:36:21Z,2024-03-30T04:35:46Z,3636,1149
strimzi/strimzi-kafka-operator,5152,2016-05-06T08:52:33Z,2025-03-21T17:07:30Z,80619,1347
square/otto,5152,2012-06-27T19:06:49Z,2018-12-17T16:07:14Z,703,845
careercup/ctci,5146,2013-03-21T23:01:01Z,2023-06-26T09:01:08Z,2169,2312
Doikki/DKVideoPlayer,5135,2017-04-11T01:33:38Z,2024-06-03T02:41:30Z,90266,1051
android/views-widgets-samples,5112,2019-09-06T21:39:12Z,2024-07-24T00:34:16Z,63749,3005
citerus/dddsample-core,5105,2015-01-31T23:21:37Z,2025-03-21T20:00:43Z,8635,1496
00-Evan/shattered-pixel-dungeon,5097,2014-07-31T21:56:31Z,2025-03-21T16:25:54Z,174801,1203
mik3y/usb-serial-for-android,5081,2013-06-30T23:17:45Z,2025-03-10T17:30:38Z,940,1620
PhilippC/keepass2android,5078,2017-09-20T18:42:02Z,2025-03-23T08:12:19Z,88819,402
bitcoinj/bitcoinj,5065,2013-11-19T04:33:23Z,2025-03-16T09:56:04Z,27415,2511
reactor/reactor-core,5059,2015-11-10T10:06:40Z,2025-03-17T08:05:05Z,65252,1224
wequick/Small,5053,2015-11-27T11:37:20Z,2023-09-23T13:49:56Z,7023,1107
remkop/picocli,5050,2017-02-01T16:38:41Z,2025-01-05T12:03:46Z,84980,434
CaffeineMC/sodium,5040,2020-02-01T03:04:09Z,2025-03-20T21:10:05Z,7137,832
deathmarine/Luyten,5037,2013-07-11T10:57:28Z,2024-07-11T07:09:11Z,5857,1003
OpenTSDB/opentsdb,5030,2010-08-27T02:05:20Z,2024-12-12T20:03:34Z,41493,1244
natario1/CameraView,5021,2017-07-18T09:30:33Z,2024-09-03T20:56:02Z,30122,952
ikarus23/MifareClassicTool,5018,2013-02-12T15:39:03Z,2024-12-26T20:02:41Z,7542,934
Trinea/android-common,5016,2012-06-19T07:49:46Z,2024-02-28T16:00:47Z,1253,2638
yipianfengye/android-zxingLibrary,5014,2016-07-26T08:00:18Z,2021-08-20T19:07:06Z,10170,1042
brianfrankcooper/YCSB,5014,2010-04-19T20:52:11Z,2024-12-12T01:02:24Z,32677,2270
pmd/pmd,5013,2012-07-11T18:03:00Z,2025-03-21T11:45:21Z,511160,1508
sofastack/sofa-boot,5013,2018-04-02T08:28:14Z,2025-02-17T09:04:31Z,4813,1266
j-easy/easy-rules,5013,2013-03-10T14:38:26Z,2024-05-29T20:13:50Z,1776,1081
rubensousa/GravitySnapHelper,5005,2016-08-31T07:25:23Z,2022-01-24T11:27:08Z,83050,617
zhanglei-workspace/shopping-management-system,4999,2015-11-16T12:53:21Z,2024-03-07T06:37:19Z,4353,2249
alibaba/UltraViewPager,4998,2017-03-29T13:31:53Z,2021-07-14T04:48:51Z,8873,681
orhanobut/dialogplus,4994,2014-12-12T09:24:44Z,2022-01-17T09:57:28Z,6790,791
alibaba/QLExpress,4990,2017-03-15T08:39:54Z,2025-03-23T14:54:54Z,2665,1168
rubenlagus/TelegramBots,4986,2016-01-14T00:13:07Z,2025-03-14T22:57:59Z,3872,1266
DingMouRen/LayoutManagerGroup,4985,2018-04-28T11:47:38Z,2023-10-11T11:05:47Z,45688,679
JodaOrg/joda-time,4984,2011-05-16T16:49:57Z,2025-03-10T00:06:39Z,12906,985
Fuzion24/JustTrustMe,4984,2014-07-24T23:45:05Z,2024-09-02T19:03:26Z,434,811
spring-attic/spring-mvc-showcase,4982,2011-06-03T15:36:55Z,2022-02-04T23:36:03Z,765,3690
novicezk/midjourney-proxy,4981,2023-04-24T13:43:45Z,2025-01-15T14:32:39Z,5859,2414
frogermcs/InstaMaterial,4979,2014-11-10T18:56:49Z,2020-09-30T19:55:47Z,4531,1439
xuexiangjys/XUI,4978,2019-01-07T07:59:02Z,2024-06-25T16:42:24Z,286905,851
LWJGL/lwjgl3,4975,2012-12-23T15:40:04Z,2025-03-02T23:00:50Z,126215,650
youlookwhat/CloudReader,4964,2016-11-20T11:59:25Z,2024-06-20T02:52:19Z,95417,1331
jankotek/mapdb,4959,2012-08-17T15:28:54Z,2024-06-04T19:19:49Z,10247,881
osmandapp/OsmAnd,4957,2011-01-15T19:59:44Z,2025-03-23T18:47:51Z,949438,1046
liquibase/liquibase,4956,2011-07-08T20:08:20Z,2025-03-21T20:39:13Z,217541,1891
spring-projects/spring-authorization-server,4954,2020-03-17T17:28:57Z,2025-03-20T03:58:35Z,6082,1323
amitshekhariitbhu/RxJava2-Android-Samples,4952,2016-08-27T08:21:37Z,2024-07-07T04:03:28Z,498,1065
2227324689/gpmall,4950,2019-07-18T14:09:22Z,2022-12-11T01:19:58Z,56925,1882
Devlight/NavigationTabBar,4948,2016-03-29T08:59:27Z,2024-06-09T18:55:50Z,389,875
runelite/runelite,4946,2016-04-30T20:48:02Z,2025-03-21T18:04:04Z,82554,5303
tonikelope/megabasterd,4945,2016-09-29T16:54:54Z,2025-03-20T10:52:03Z,85025,607
Exrick/xpay,4939,2017-12-12T16:11:19Z,2024-08-26T16:10:08Z,12147,1110
GeyserMC/Geyser,4934,2019-07-08T17:23:17Z,2025-03-23T14:22:25Z,31190,710
traex/RippleEffect,4920,2014-10-14T13:32:51Z,2021-02-04T10:54:44Z,833,1078
react-native-linear-gradient/react-native-linear-gradient,4915,2015-03-31T17:44:40Z,2025-03-04T07:12:59Z,2251,700
Ramotion/folding-cell-android,4903,2016-04-01T11:38:47Z,2022-09-21T05:01:27Z,26341,841
spring-cloud/spring-cloud-netflix,4901,2014-07-11T15:46:12Z,2025-03-20T03:11:28Z,20614,2450
CellularPrivacy/Android-IMSI-Catcher-Detector,4899,2013-11-23T10:04:14Z,2025-01-17T11:01:23Z,11248,977
apache/ignite,4898,2015-02-19T08:00:05Z,2025-03-20T18:09:05Z,438867,1912
oshi/oshi,4887,2012-02-10T12:46:48Z,2025-03-22T22:28:25Z,331588,895
line/armeria,4884,2015-11-16T04:04:01Z,2025-03-21T02:41:48Z,252344,938
youlookwhat/DesignPattern,4882,2016-10-21T10:59:32Z,2022-08-06T13:17:59Z,4512,1436
roncoo/roncoo-pay,4880,2016-07-21T02:46:06Z,2022-12-31T13:23:01Z,18383,2578
lugg/react-native-config,4876,2016-02-23T00:19:11Z,2025-02-17T20:06:05Z,3835,661
tianshiyeben/wgcloud,4867,2019-01-15T02:02:21Z,2025-02-04T02:44:19Z,48558,864
houbb/sensitive-word,4866,2020-01-07T03:10:44Z,2025-02-17T04:56:29Z,5625,663
baomidou/dynamic-datasource,4864,2018-04-28T02:32:16Z,2025-03-10T02:13:57Z,1165,1207
microsoft/typespec,4861,2021-06-30T23:29:49Z,2025-03-22T15:39:37Z,57269,258
cinit/QAuxiliary,4847,2022-01-29T06:12:36Z,2025-03-23T08:36:17Z,8273,351
cglib/cglib,4841,2014-03-29T13:48:30Z,2024-08-16T10:22:51Z,4944,892
bisq-network/bisq,4836,2014-03-12T09:42:29Z,2025-02-25T12:54:30Z,869084,1277
querydsl/querydsl,4834,2011-08-05T06:46:32Z,2025-03-21T11:38:57Z,51704,880
reactive-streams/reactive-streams-jvm,4833,2014-02-28T13:16:15Z,2024-03-13T03:40:25Z,1846,535
DiUS/java-faker,4832,2011-06-06T01:01:21Z,2024-06-12T07:32:41Z,6147,862
WuKongOpenSource/WukongCRM-11.0-JAVA,4830,2021-04-06T10:58:55Z,2021-08-27T10:21:39Z,114411,735
mcxiaoke/packer-ng-plugin,4822,2015-11-24T04:08:08Z,2022-06-27T13:21:58Z,1458,864
andkulikov/Transitions-Everywhere,4816,2014-10-15T03:37:03Z,2020-04-08T09:39:05Z,1247,488
claritylab/lucida,4805,2014-05-13T17:12:49Z,2022-12-26T20:30:48Z,1352332,879
TheoKanning/openai-java,4798,2020-09-15T02:58:52Z,2024-06-06T20:00:23Z,547,1222
killbill/killbill,4789,2012-10-21T20:55:05Z,2025-03-06T20:16:25Z,681505,810
orientechnologies/orientdb,4786,2012-12-09T20:33:47Z,2025-03-22T15:30:04Z,295184,875
jindrapetrik/jpexs-decompiler,4783,2014-05-10T17:20:56Z,2025-03-23T11:35:15Z,289401,674
saiwu-bigkoo/Android-ConvenientBanner,4770,2014-12-23T06:12:33Z,2023-10-10T06:15:41Z,12540,1051
killme2008/aviatorscript,4769,2011-03-29T12:48:47Z,2024-07-30T21:45:10Z,13142,870
diffplug/spotless,4767,2015-04-27T19:10:58Z,2025-03-20T21:16:22Z,20404,464
apache/calcite,4766,2014-06-25T07:00:07Z,2025-03-23T05:20:32Z,105742,2396
rstudio/rstudio,4765,2010-12-07T19:10:25Z,2025-03-21T22:19:39Z,982524,1111
react-native-webrtc/react-native-webrtc,4763,2015-09-27T10:57:30Z,2025-03-16T12:28:48Z,431969,1256
hneemann/Digital,4758,2016-06-28T17:40:16Z,2025-03-10T12:34:11Z,39619,481
Suwayomi/Suwayomi-Server,4752,2020-12-23T20:31:38Z,2025-03-23T02:50:25Z,48009,227
etsy/AndroidStaggeredGrid,4751,2013-12-09T19:43:45Z,2023-04-09T20:59:34Z,878,1122
google/cameraview,4743,2016-08-04T05:22:14Z,2020-02-08T13:20:53Z,256,1026
fuzhengwei/small-spring,4742,2021-05-15T06:07:28Z,2023-07-17T12:45:42Z,10594,1403
ronmamo/reflections,4736,2013-04-16T16:19:26Z,2024-06-17T21:43:09Z,1064,706
nisrulz/android-tips-tricks,4735,2016-08-25T20:27:33Z,2023-09-12T07:15:28Z,34241,576
kyleduo/SwitchButton,4731,2014-09-09T07:20:43Z,2023-12-02T12:28:42Z,12162,867
tuguangquan/mybatis,4725,2014-11-03T04:51:06Z,2022-06-29T19:21:35Z,50815,2373
javastacks/spring-boot-best-practice,4725,2018-11-09T06:23:18Z,2025-02-27T03:56:33Z,218,1296
hongyangAndroid/baseAdapter,4721,2015-08-03T02:55:51Z,2021-10-13T10:21:40Z,724,1195
hansonwang99/Spring-Boot-In-Action,4706,2019-01-28T12:56:51Z,2022-12-16T04:38:12Z,15827,1495
jgilfelt/chuck,4700,2017-02-07T23:51:39Z,2021-12-13T11:44:58Z,1899,456
spring-attic/spring-security-oauth,4694,2011-07-26T18:08:49Z,2022-05-30T20:10:19Z,7273,4027
mock-server/mockserver,4693,2013-02-26T06:09:52Z,2025-02-14T06:53:29Z,51955,1086
pardom-zz/ActiveAndroid,4690,2012-11-15T18:10:45Z,2021-10-15T16:28:24Z,18083,1033
firebase/FirebaseUI-Android,4667,2015-07-09T17:31:09Z,2025-03-19T17:06:27Z,28576,1843
wdullaer/MaterialDateTimePicker,4666,2015-01-03T19:41:03Z,2022-08-23T14:10:14Z,2001,944
AutoMQ/automq,4665,2023-08-17T07:50:13Z,2025-03-20T20:01:07Z,185811,306
gabrielemariotti/cardslib,4650,2013-09-20T21:57:19Z,2021-11-18T19:50:33Z,30628,1189
romandanylyk/PageIndicatorView,4640,2016-08-20T19:25:32Z,2024-08-09T09:56:50Z,33988,565
zlt2000/microservices-platform,4639,2019-03-07T07:13:37Z,2025-03-19T07:21:49Z,300842,1690
zq2599/blog_demos,4636,2017-04-09T04:51:56Z,2024-05-18T11:41:51Z,247898,1877
SPLWare/esProc,4628,2021-11-09T15:41:25Z,2025-03-21T07:31:02Z,1099327,344
spring-cloud/spring-cloud-gateway,4614,2016-11-16T21:42:51Z,2025-03-22T13:28:57Z,13198,3367
cjlin1/libsvm,4614,2013-09-10T14:32:07Z,2024-08-31T22:32:54Z,9765,1636
SplashCodes/JAViewer,4613,2016-05-21T08:47:10Z,2021-08-22T07:00:24Z,2335,696
Heeexy/SpringBoot-Shiro-Vue,4603,2017-11-17T18:49:06Z,2024-08-12T01:10:44Z,418,1786
Netflix/ribbon,4598,2013-01-15T01:08:04Z,2024-12-10T21:18:08Z,3541,1248
apache/rocketmq-externals,4591,2017-03-14T07:00:06Z,2024-12-09T09:00:27Z,36288,3067
stleary/JSON-java,4591,2010-12-21T17:46:09Z,2025-03-23T15:21:53Z,3109,2569
Sayi/poi-tl,4584,2015-03-20T06:47:52Z,2025-02-25T01:55:42Z,102715,1057
yasserg/crawler4j,4581,2011-12-31T22:49:18Z,2021-11-04T08:31:46Z,1186,1926
chentao0707/SimplifyReader,4576,2015-08-17T08:22:53Z,2021-09-17T06:40:26Z,62804,1605
saysky/ForestBlog,4570,2017-10-08T15:27:47Z,2024-07-03T04:38:32Z,52149,1644
puniverse/quasar,4569,2013-03-27T14:51:24Z,2024-01-21T07:18:32Z,80585,574
dunwu/db-tutorial,4568,2017-08-08T06:33:38Z,2024-10-08T23:22:25Z,13001,587
micrometer-metrics/micrometer,4567,2017-04-10T21:36:51Z,2025-03-21T23:04:32Z,36181,1013
javagrowing/JGrowing,4566,2019-02-26T01:55:08Z,2020-10-13T13:45:13Z,2987,935
bytedeco/javacpp,4562,2014-04-21T12:47:21Z,2024-11-22T23:12:57Z,10944,591
danielzeller/Depth-LIB-Android-,4557,2016-04-27T09:37:28Z,2024-10-31T07:43:00Z,3656,591
square/sqlbrite,4556,2015-02-19T04:38:37Z,2020-08-17T16:20:56Z,754,417
zhanghai/Douya,4555,2016-02-01T13:44:19Z,2021-06-14T20:48:22Z,25350,1144
go-lang-plugin-org/go-lang-idea-plugin,4554,2010-08-29T08:20:01Z,2018-08-11T19:54:16Z,34753,570
apache/maven,4547,2009-05-21T03:22:03Z,2025-03-22T19:15:29Z,85563,2724
jdamcd/android-crop,4542,2014-03-13T10:24:43Z,2021-06-01T04:07:06Z,2835,1074
RedSpider1/concurrent,4530,2018-11-03T13:49:36Z,2024-12-21T08:02:15Z,12619,610
981011512/--,4530,2020-06-18T22:47:21Z,2025-02-25T11:57:25Z,17048,2247
Docile-Alligator/Infinity-For-Reddit,4527,2018-07-26T15:02:51Z,2025-03-22T11:15:59Z,29318,422
alibaba/dexposed,4523,2015-06-30T02:59:16Z,2017-03-29T11:48:10Z,1875,1070
Flipboard/bottomsheet,4521,2015-04-23T17:37:32Z,2019-03-13T10:10:01Z,363,595
chewiebug/GCViewer,4517,2011-10-23T09:01:04Z,2025-02-02T15:38:37Z,6761,984
CalebFenton/simplify,4517,2014-01-16T05:14:02Z,2022-04-30T12:20:33Z,103553,445
castorflex/SmoothProgressBar,4513,2013-11-27T20:32:16Z,2021-05-21T18:02:35Z,15681,1004
nextcloud/android,4508,2016-06-06T21:23:36Z,2025-03-23T03:04:55Z,504088,1811
JZ-Darkal/AndroidHttpCapture,4495,2016-10-15T19:48:00Z,2024-03-22T03:07:01Z,5848,859
allure-framework/allure2,4494,2016-05-27T14:06:05Z,2025-03-17T02:05:04Z,14864,730
HotBitmapGG/bilibili-android-client,4491,2016-06-01T04:36:01Z,2021-03-17T10:25:18Z,113179,1481
azkaban/azkaban,4490,2012-10-18T01:34:53Z,2024-07-03T06:07:59Z,57554,1588
phishman3579/java-algorithms-implementation,4486,2013-11-20T03:30:19Z,2022-12-05T03:25:28Z,1487,1858
JakeWharton/NineOldAndroids,4480,2011-12-08T19:46:37Z,2016-04-23T04:31:21Z,1207,1536
objectbox/objectbox-java,4480,2017-01-24T10:29:48Z,2025-03-05T07:13:01Z,2957,309
oracle/opengrok,4476,2013-01-07T11:49:18Z,2025-03-20T11:15:58Z,489270,768
hussien89aa/AndroidTutorialForBeginners,4471,2016-09-26T16:36:28Z,2023-08-22T19:24:48Z,688,6094
tiann/epic,4462,2017-05-22T02:52:44Z,2023-07-22T14:04:07Z,558,813
janishar/android-mvp-architecture,4444,2017-01-27T08:39:06Z,2024-04-16T15:28:00Z,6144,1244
discord-jda/JDA,4440,2015-12-12T13:57:32Z,2025-02-23T05:20:20Z,33994,744
Meituan-Dianping/Robust,4438,2017-03-14T10:14:50Z,2022-04-27T10:11:34Z,26253,808
square/android-times-square,4437,2013-01-30T20:28:27Z,2023-05-28T01:46:37Z,1541,1185
Tencent/GT,4406,2016-01-13T10:29:55Z,2023-04-07T11:42:43Z,21307,1033
airbnb/DeepLinkDispatch,4397,2015-06-11T21:16:48Z,2023-06-27T23:16:54Z,2819,407
ant-media/Ant-Media-Server,4393,2017-03-01T08:21:13Z,2025-03-23T13:09:25Z,1192993,655
dreamhead/moco,4393,2012-10-18T09:09:51Z,2024-07-24T15:21:30Z,6078,1089
deepjavalibrary/djl,4389,2019-10-29T22:38:54Z,2025-03-21T18:53:09Z,48513,693
robinhood/ticker,4386,2016-07-15T21:37:52Z,2023-11-23T18:03:23Z,1681,464
rememberber/WePush,4384,2017-06-23T09:03:36Z,2024-11-28T14:32:24Z,47382,992
angryip/ipscan,4368,2011-06-28T20:58:48Z,2024-11-23T19:03:47Z,117513,743
Ashok-Varma/BottomNavigation,4367,2016-03-19T19:19:30Z,2020-12-14T10:06:25Z,3928,686
charles2gan/GDA-android-reversing-Tool,4367,2017-10-31T08:18:29Z,2024-05-08T09:19:37Z,82285,536
apache/shiro,4362,2009-08-29T08:00:17Z,2025-03-20T23:14:44Z,30748,2313
awangdev/leet-code,4358,2015-04-25T19:14:09Z,2024-11-27T23:34:32Z,7522,25
water8394/flink-recommandSystem-demo,4356,2019-05-15T07:55:35Z,2024-02-04T08:18:39Z,4692,1471
Freeyourgadget/Gadgetbridge,4315,2015-01-05T23:19:03Z,2024-12-23T17:24:07Z,60912,654
bingoogolapple/BGARefreshLayout-Android,4311,2015-05-28T16:17:00Z,2024-12-10T15:34:52Z,7569,999
h2database/h2database,4311,2015-04-10T19:09:09Z,2025-02-17T20:22:49Z,90124,1236
jeasonlzy/ImagePicker,4302,2016-01-27T17:05:03Z,2020-10-27T06:08:16Z,21059,1032
pytorch/serve,4300,2019-10-03T03:17:43Z,2025-03-21T22:07:01Z,126130,877
spring-projects/spring-ai,4300,2023-06-27T18:57:29Z,2025-03-22T00:59:20Z,81544,1157
jacoco/jacoco,4299,2012-07-08T21:45:13Z,2025-03-08T21:43:08Z,11652,1162
mcxiaoke/android-volley,4289,2013-05-21T05:35:26Z,2017-05-15T08:20:04Z,952,1557
eirslett/frontend-maven-plugin,4285,2013-08-30T14:44:38Z,2025-01-17T12:54:44Z,2198,879
aporter/coursera-android,4278,2014-01-05T09:55:31Z,2020-10-04T07:21:38Z,22558,5281
IoT-Technology/IoT-Technical-Guide,4271,2019-04-02T01:52:44Z,2023-09-05T12:28:00Z,1361,1075
dromara/dynamic-tp,4268,2022-01-07T16:35:27Z,2025-03-23T15:09:55Z,16912,837
grantland/android-autofittextview,4268,2011-02-14T06:00:52Z,2019-01-12T23:57:12Z,1190,689
ongakuer/CircleIndicator,4268,2014-07-30T14:02:56Z,2023-05-03T11:02:37Z,4407,708
brianway/java-learning,4266,2016-02-09T05:20:58Z,2022-01-08T16:03:06Z,800,1206
bjmashibing/InternetArchitect,4257,2019-10-19T16:32:01Z,2022-12-14T20:42:20Z,298764,2862
dragonwell-project/dragonwell8,4254,2019-03-07T02:57:45Z,2025-03-20T06:23:15Z,1046612,495
ThirtyDegreesRay/OpenHub,4252,2017-07-11T13:29:51Z,2024-05-30T14:01:01Z,10128,415
linhaojun857/aurora,4249,2022-08-19T13:39:16Z,2024-09-22T06:05:42Z,5258,683
flutter-webrtc/flutter-webrtc,4243,2018-03-07T02:26:03Z,2025-03-23T03:50:34Z,469832,1179
fast-excel/fastexcel,4242,2024-10-05T11:42:50Z,2025-03-22T15:31:20Z,23810,324
failsafe-lib/failsafe,4236,2015-06-30T00:56:39Z,2024-06-09T20:41:39Z,1613,299
zongzibinbin/MallChat,4235,2023-03-16T15:04:35Z,2024-08-19T14:34:44Z,2144,985
ChadCSong/ShineButton,4220,2016-07-05T06:32:26Z,2022-10-08T07:47:29Z,2525,547
codingapi/tx-lcn,4206,2017-11-11T03:34:34Z,2023-09-06T07:27:14Z,14551,1459
crate/crate,4198,2013-04-10T09:17:16Z,2025-03-23T15:36:52Z,161266,574
zhkl0228/unidbg,4193,2019-02-26T09:32:15Z,2025-02-05T16:50:34Z,590078,996
hugeterry/CoordinatorTabLayout,4193,2017-01-27T13:40:28Z,2019-12-25T03:38:34Z,11528,584
jitsi/jitsi,4192,2013-04-24T17:37:20Z,2024-10-28T21:07:16Z,579362,980
yhaolpz/FloatWindow,4191,2017-11-14T14:33:55Z,2021-10-13T09:50:11Z,1002,653
camunda/camunda-bpm-platform,4190,2013-01-03T10:10:31Z,2025-03-23T17:58:32Z,165139,1603
Jacksgong/JKeyboardPanelSwitch,4187,2015-07-01T17:42:01Z,2020-08-18T05:13:02Z,24090,686
mybatis/spring-boot-starter,4186,2015-09-25T13:05:15Z,2025-03-21T14:16:03Z,15328,1795
powermock/powermock,4180,2014-05-28T07:53:53Z,2024-01-03T18:46:42Z,5949,588
oddfar/campus-imaotai,4178,2023-07-07T10:37:13Z,2025-03-21T16:04:52Z,3069,1362
bingoogolapple/BGABanner-Android,4174,2014-10-25T17:15:18Z,2024-12-10T17:06:18Z,40655,782
jboss-javassist/javassist,4169,2013-05-24T08:31:32Z,2024-10-03T15:32:31Z,30583,710
google/open-location-code,4169,2014-09-30T18:26:35Z,2025-03-07T10:46:54Z,4761,491
jlegewie/zotfile,4150,2011-12-30T14:47:42Z,2024-04-16T14:14:46Z,10517,289
gsantner/markor,4149,2017-08-26T00:08:35Z,2025-03-22T14:53:24Z,37739,386
aws/aws-sdk-java,4147,2010-03-22T23:34:58Z,2025-02-19T21:46:53Z,6576672,2820
pedrovgs/AndroidWiFiADB,4145,2015-10-18T21:58:45Z,2019-05-23T10:17:28Z,3109,479
microsoft/malmo,4136,2016-05-17T14:58:40Z,2023-12-04T09:23:11Z,28835,602
dromara/hmily,4123,2017-09-28T06:29:01Z,2024-07-14T04:16:31Z,3787,1404
Snailclimb/guide-rpc-framework,4122,2020-05-10T13:24:42Z,2024-07-22T12:17:10Z,4361,2117
alibaba/Tangram-Android,4115,2017-03-29T13:29:57Z,2021-07-14T04:43:37Z,1604,525
dinuscxj/LoadingDrawable,4112,2016-04-16T07:33:57Z,2017-04-13T09:50:48Z,13846,634
zendesk/maxwell,4099,2015-02-09T22:06:13Z,2025-03-19T01:08:10Z,29680,1019
Manabu-GT/ExpandableTextView,4088,2014-05-17T19:40:15Z,2022-07-17T19:55:46Z,4287,791
mywalkb/LSPosed_mod,4074,2022-03-28T08:05:38Z,2024-09-30T03:52:00Z,21897,202
s4kibs4mi/java-developer-roadmap,4073,2019-04-23T06:42:13Z,2025-01-05T06:49:46Z,4941,547
bepass-org/oblivion,4072,2024-02-08T05:50:09Z,2025-02-20T12:59:02Z,3270,556
code4craft/tiny-spring,4072,2014-01-10T16:37:57Z,2023-11-27T06:31:02Z,638,1819
nining377/dolby_beta,4070,2020-05-19T12:13:36Z,2024-06-22T07:39:46Z,101223,237
rubensousa/ViewPagerCards,4067,2016-08-20T15:24:12Z,2018-03-11T10:12:42Z,105,608
oblac/jodd,4061,2012-09-07T20:26:48Z,2024-04-15T19:08:00Z,42823,724
qunarcorp/bistoury,4060,2019-08-01T07:54:25Z,2022-12-16T08:45:38Z,32465,832
luckybilly/CC,4050,2017-11-23T16:26:33Z,2023-10-11T01:51:19Z,32435,637
pqpo/SmartCropper,4046,2017-08-03T11:08:41Z,2024-04-01T14:11:18Z,249118,747
DTStack/chunjun,4036,2018-04-03T12:44:58Z,2025-03-05T06:54:34Z,132442,1699
oldmanpushcart/greys-anatomy,4028,2012-11-21T19:39:35Z,2022-10-25T03:24:47Z,1769,1212
apache/streampark,4021,2019-05-27T05:56:03Z,2025-03-21T13:14:35Z,62171,1025
xcltapestry/XCL-Charts,4018,2014-06-09T15:44:50Z,2017-07-07T03:10:05Z,127035,1128
TGX-Android/Telegram-X,4016,2021-08-17T17:09:25Z,2025-03-15T12:06:25Z,44749,644
apache/dubbo-admin,4015,2018-01-11T05:30:17Z,2024-08-16T22:34:05Z,14308,2158
BoltsFramework/Bolts-Android,4012,2014-01-30T04:58:14Z,2019-03-11T14:59:13Z,476,518
Yalantis/Phoenix,4004,2015-01-12T14:11:20Z,2022-09-22T09:40:03Z,663,916
makovkastar/FloatingActionButton,4003,2014-07-22T13:29:55Z,2023-05-28T15:33:21Z,11228,815
lcodecorex/TwinklingRefreshLayout,4002,2016-03-02T12:11:56Z,2023-03-27T03:44:19Z,82617,670
Piasy/BigImageViewer,3986,2016-11-06T09:55:02Z,2022-12-12T00:31:21Z,55900,405
geoserver/geoserver,3985,2011-11-10T19:56:06Z,2025-03-22T13:35:54Z,318481,2205
orhanobut/hawk,3985,2015-02-19T22:25:23Z,2022-07-10T10:09:05Z,967,392
alibaba/fastjson2,3983,2022-04-17T04:27:24Z,2025-03-22T05:44:12Z,130096,520
qstumn/BadgeView,3980,2017-02-08T02:01:39Z,2021-03-30T01:28:09Z,9326,541
Aliucord/Aliucord,3963,2021-02-27T16:59:06Z,2025-03-14T04:30:43Z,82236,173
binIoter/GuideView,3957,2016-06-19T08:52:25Z,2023-05-28T16:36:55Z,7068,653
mercyblitz/tech-weekly,3956,2018-12-03T03:10:52Z,2024-04-04T04:44:58Z,19489,711
jbloch/effective-java-3e-source-code,3954,2018-08-03T20:48:35Z,2020-10-28T20:11:11Z,89,1971
201206030/novel-plus,3952,2020-05-02T07:15:43Z,2025-03-23T15:47:05Z,42328,1359
NotFound9/interviewGuide,3946,2016-04-20T07:17:09Z,2023-08-07T06:26:02Z,62214,685
zzhoujay/RichText,3941,2015-07-21T09:36:01Z,2024-07-10T02:45:37Z,2485,562
JoanZapata/android-iconify,3937,2013-06-12T11:42:01Z,2022-11-17T00:11:55Z,3689,525
knowm/XChange,3937,2012-02-02T10:48:28Z,2025-03-23T16:14:07Z,50693,1963
rengwuxian/RxJavaSamples,3937,2016-03-24T13:08:10Z,2018-01-16T14:39:53Z,4613,857
JeremyLiao/LiveEventBus,3930,2018-07-11T07:36:59Z,2024-05-16T10:16:52Z,2678,553
rovo89/XposedInstaller,3928,2012-04-02T20:33:05Z,2023-05-26T01:14:08Z,18977,1517
jMonkeyEngine/jmonkeyengine,3927,2014-03-20T22:29:28Z,2025-03-20T08:01:39Z,979796,1131
linyiqun/DataMiningAlgorithm,3909,2015-01-11T02:50:28Z,2016-03-26T13:15:34Z,535,1705
bluelinelabs/Conductor,3902,2016-03-16T18:42:41Z,2024-06-07T18:00:21Z,3764,343
jetty/jetty.project,3900,2011-07-14T01:11:57Z,2025-03-23T17:33:55Z,265111,1939
alibaba/jstorm,3900,2013-09-03T03:53:16Z,2023-06-16T07:13:49Z,108125,1797
databricks/learning-spark,3891,2014-06-16T04:47:54Z,2023-12-16T18:15:33Z,370,2421
fishercoder1534/Leetcode,3887,2016-07-31T05:28:15Z,2025-03-03T21:42:27Z,11944,1296
awaitility/awaitility,3885,2010-01-22T15:12:52Z,2025-02-26T12:20:50Z,1377,247
kermitt2/grobid,3884,2012-09-13T15:48:54Z,2025-03-17T10:04:06Z,1637287,472
JavaNoober/BackgroundLibrary,3874,2018-09-09T08:52:45Z,2023-03-09T06:06:43Z,14430,470
amirzaidi/Launcher3,3865,2017-05-30T12:53:32Z,2022-08-24T13:51:46Z,129066,647
pingfangushi/screw,3864,2020-06-21T11:37:06Z,2023-04-13T06:37:44Z,2092,708
Exrick/xboot,3862,2018-04-23T14:44:18Z,2023-06-14T22:44:01Z,5309,1305
bitcoin-wallet/bitcoin-wallet,3862,2012-03-31T17:06:47Z,2025-03-05T16:08:48Z,42022,2131
sofastack/sofa-rpc,3862,2018-04-09T03:32:04Z,2025-03-14T03:35:52Z,4212,1184
promeG/TinyPinyin,3859,2015-09-30T03:24:50Z,2024-11-25T06:53:20Z,619,484
vipulasri/Timeline-View,3854,2015-12-15T14:55:04Z,2025-02-16T18:54:23Z,23276,645
VaughnVernon/IDDD_Samples,3843,2013-04-08T22:12:57Z,2023-09-09T17:02:35Z,546,914
tronprotocol/java-tron,3837,2017-12-26T10:20:38Z,2025-03-20T09:53:46Z,211741,1450
aurelhubert/ahbottomnavigation,3835,2016-03-17T12:17:56Z,2021-07-10T21:57:52Z,5644,685
MiguelCatalan/MaterialSearchView,3829,2015-09-14T17:13:46Z,2020-07-24T16:31:11Z,4665,619
wendux/DSBridge-Android,3825,2017-01-02T11:58:53Z,2020-09-11T06:36:58Z,902,624
RipMeApp/ripme,3824,2017-01-06T17:12:09Z,2025-03-19T23:14:08Z,5241,630
uknownothingsnow/CircleProgress,3819,2014-10-30T16:14:42Z,2021-10-09T08:07:36Z,2538,923
PBH-BTN/PeerBanHelper,3818,2024-02-07T14:35:16Z,2025-03-23T18:05:56Z,90967,100
shuzijun/leetcode-editor,3816,2019-03-19T16:32:17Z,2024-08-12T13:12:21Z,30927,409
JabRef/jabref,3806,2014-03-11T14:48:42Z,2025-03-23T21:35:44Z,236024,2737
lukas-krecan/ShedLock,3804,2016-12-11T13:53:59Z,2025-03-21T16:39:37Z,7837,535
syncthing/syncthing-android,3795,2014-02-22T17:15:19Z,2024-12-03T21:13:47Z,23375,452
sunfusheng/MarqueeView,3782,2016-06-01T06:50:46Z,2020-11-11T01:33:50Z,12351,674
LibrePDF/OpenPDF,3782,2016-07-11T15:50:34Z,2024-11-27T06:09:15Z,38849,631
lygttpod/SuperTextView,3773,2016-10-19T04:06:54Z,2021-06-15T11:35:48Z,25933,591
yanzhenjie/AndServer,3772,2016-06-14T00:52:52Z,2023-06-07T08:04:09Z,6648,769
mpusher/mpush,3768,2016-04-28T01:43:19Z,2022-06-17T01:50:04Z,2595,1458
ZHENFENG13/My-Blog,3759,2019-03-04T09:17:00Z,2024-03-07T06:31:25Z,30373,999
roboguice/roboguice,3758,2012-08-12T20:37:19Z,2017-01-19T21:02:22Z,70278,824
lilishop/lilishop,3757,2021-05-14T01:28:51Z,2025-02-24T06:20:44Z,49081,956
andOTP/andOTP,3756,2017-07-05T11:39:52Z,2022-06-14T05:44:55Z,13870,366
Ereza/CustomActivityOnCrash,3749,2014-07-04T19:46:21Z,2024-05-17T08:29:02Z,622,543
react-native-share/react-native-share,3748,2015-09-30T02:27:34Z,2025-03-19T15:23:45Z,14045,964
timehop/sticky-headers-recyclerview,3745,2014-10-03T01:57:46Z,2018-10-24T21:23:54Z,337,754
CameraKit/blurkit-android,3745,2016-11-06T03:14:58Z,2021-04-03T23:18:57Z,6270,311
mcxtzhang/SwipeDelMenuLayout,3744,2016-08-25T08:10:45Z,2020-01-02T06:03:55Z,5660,640
googlesamples/mlkit,3739,2020-05-28T21:40:38Z,2024-10-04T18:38:24Z,47635,2975
willowtreeapps/spruce-android,3720,2017-02-23T20:34:18Z,2021-02-09T01:00:46Z,8169,366
uber/NullAway,3713,2017-09-01T17:35:57Z,2025-03-19T18:01:13Z,6880,301
kubernetes-client/java,3713,2017-05-08T21:52:58Z,2025-03-20T16:02:43Z,52336,1971
MovingBlocks/Terasology,3713,2011-03-04T03:49:19Z,2024-12-17T03:41:08Z,305766,1344
Atmosphere/atmosphere,3708,2010-06-30T14:26:23Z,2025-02-06T16:08:32Z,113410,757
yanzhenjie/NoHttp,3707,2015-07-29T06:11:12Z,2018-07-30T01:23:31Z,54486,852
stfalcon-studio/ChatKit,3707,2017-02-02T09:37:15Z,2022-05-23T20:11:06Z,6136,833
ryanhoo/StylishMusicPlayer,3704,2016-09-13T14:38:32Z,2020-05-13T16:42:12Z,2929,768
ethanhua/Skeleton,3697,2017-07-30T06:42:39Z,2021-07-31T07:30:24Z,17001,456
ByteLegend/ByteLegend,3695,2021-02-01T10:11:30Z,2023-08-17T06:26:58Z,71743,144
yangfuhai/ASimpleCache,3684,2013-07-28T13:50:59Z,2020-07-25T03:29:18Z,719,1241
zhpanvip/BannerViewPager,3684,2017-03-28T09:11:11Z,2025-03-18T11:24:12Z,134099,447
liuyubobobo/Play-with-Algorithms,3684,2016-07-05T18:16:22Z,2021-12-12T18:48:29Z,112003,1464
apache/kylin,3684,2015-01-03T08:00:05Z,2025-03-16T08:07:58Z,573285,1530
torakiki/pdfsam,3678,2013-09-24T11:06:13Z,2025-03-17T20:31:08Z,15185,358
watabou/pixel-dungeon,3669,2014-07-26T17:34:32Z,2019-07-23T09:09:27Z,8161,1220
shopizer-ecommerce/shopizer,3668,2012-11-21T03:42:39Z,2025-03-23T16:16:56Z,566507,3079
google/rejoiner,3667,2017-12-06T19:09:53Z,2023-06-13T22:58:03Z,793,139
google/bundletool,3667,2018-05-04T07:24:09Z,2025-03-06T12:00:45Z,10812,394
sofastack/sofa-jraft,3666,2019-03-04T10:13:43Z,2025-02-18T10:29:49Z,3089,1164
lisawray/groupie,3666,2016-09-01T20:59:35Z,2023-10-03T04:12:10Z,678,295
linkedin/databus,3659,2012-12-17T17:49:17Z,2023-09-28T17:53:01Z,51191,738
KunMinX/Linkage-RecyclerView,3653,2019-04-22T04:39:46Z,2023-03-17T14:54:03Z,761,462
litesuits/android-common,3647,2014-05-29T08:08:00Z,2017-09-06T00:23:05Z,594,1087
JFormDesigner/FlatLaf,3642,2019-08-19T10:27:05Z,2025-03-22T13:30:20Z,21310,286
networknt/light-4j,3637,2016-09-09T22:28:14Z,2025-03-23T02:03:36Z,12050,636
RoaringBitmap/RoaringBitmap,3637,2013-06-17T20:29:23Z,2025-03-18T23:43:29Z,90646,566
JCTools/JCTools,3633,2013-11-10T18:04:40Z,2024-06-01T14:55:08Z,7891,570
PlexPt/chatgpt-java,3632,2022-12-07T04:55:33Z,2024-12-09T12:11:10Z,464,713
undertow-io/undertow,3629,2012-07-19T00:52:44Z,2025-03-18T11:45:37Z,27346,1012
apache/incubator-heron,3629,2015-09-25T16:09:24Z,2023-03-01T15:11:08Z,183934,593
dingjikerbo/Android-BluetoothKit,3627,2015-10-08T09:07:33Z,2023-04-25T06:02:54Z,3989,747
Dimezis/BlurView,3625,2016-04-21T16:00:07Z,2025-03-19T16:12:55Z,13459,348
jtablesaw/tablesaw,3611,2016-01-01T14:58:28Z,2025-02-18T16:25:21Z,66338,648
rockerhieu/emojicon,3610,2014-01-18T12:32:38Z,2020-06-13T00:51:58Z,9713,817
helidon-io/helidon,3603,2018-08-27T11:03:52Z,2025-03-21T21:10:00Z,110173,568
spotbugs/spotbugs,3601,2016-11-04T22:18:08Z,2025-03-20T03:05:17Z,146484,612
fesh0r/fernflower,3598,2014-10-03T05:00:15Z,2025-03-04T05:44:05Z,7061,676
tyrantgit/ExplosionField,3596,2015-09-23T11:34:50Z,2017-01-17T08:06:52Z,1570,575
iterate-ch/cyberduck,3596,2017-01-20T14:16:34Z,2025-03-23T21:32:58Z,641691,301
alibaba/Alink,3596,2018-09-30T06:36:11Z,2024-06-07T14:56:29Z,18863,801
grpc-ecosystem/grpc-spring,3593,2016-12-30T09:06:15Z,2025-03-21T06:02:37Z,3937,848
dongjunkun/DropDownMenu,3591,2015-06-23T07:43:56Z,2022-02-18T09:26:17Z,14892,786
huburt-Hu/NewbieGuide,3588,2017-07-28T06:54:05Z,2024-02-18T03:21:03Z,795,522
kikoso/android-stackblur,3582,2013-08-15T14:44:32Z,2023-05-28T15:32:32Z,6716,646
dtinit/data-transfer-project,3577,2018-01-04T21:27:57Z,2025-03-20T20:12:38Z,10492,481
coderbruis/JavaSourceCodeLearning,3577,2020-06-02T13:34:20Z,2022-05-31T10:26:51Z,8297,598
spockframework/spock,3576,2010-12-12T19:02:34Z,2025-03-21T21:41:53Z,33828,471
lihangleo2/ShadowLayout,3568,2019-07-09T07:17:06Z,2025-01-06T17:25:04Z,4204,407
googlemaps/android-maps-utils,3568,2013-05-17T00:08:48Z,2025-03-17T23:58:16Z,17981,1536
davideas/FlexibleAdapter,3566,2015-05-02T22:00:43Z,2023-04-17T16:34:47Z,10850,554
JakeWharton/ThreeTenABP,3564,2015-07-03T17:35:09Z,2025-03-12T20:56:23Z,431,134
FasterXML/jackson-databind,3564,2011-12-23T07:17:41Z,2025-03-23T04:09:55Z,82097,1407
WVector/AppUpdate,3560,2017-06-19T09:38:42Z,2021-01-19T15:33:36Z,50788,745
vert-x3/vertx-examples,3560,2015-02-24T17:42:44Z,2025-02-13T13:21:37Z,52105,2084
code4craft/netty-learning,3554,2013-09-19T02:24:25Z,2017-02-07T08:39:36Z,3362,1191
dropbox/hackpad,3551,2015-08-14T02:32:17Z,2023-05-22T20:06:37Z,110132,527
johncarl81/parceler,3549,2013-07-03T02:53:01Z,2022-05-20T20:48:57Z,1565,272
bilibili/MagicaSakura,3549,2016-06-23T07:54:59Z,2022-02-16T08:39:50Z,3043,465
hmkcode/Android,3545,2013-09-02T16:12:28Z,2023-12-24T16:53:32Z,1841,3409
karma9874/AndroRAT,3544,2020-03-22T09:31:28Z,2024-07-17T17:22:43Z,40789,1094
arimorty/floatingsearchview,3540,2015-11-22T02:38:32Z,2022-08-28T17:46:50Z,7915,667
luontola/retrolambda,3539,2013-07-20T07:25:22Z,2023-09-26T15:12:04Z,1063,225
rbmonster/learning-note,3537,2020-06-15T16:47:25Z,2025-01-16T12:51:38Z,67617,658
Querz/mcaselector,3537,2018-04-22T22:23:26Z,2025-03-19T00:55:04Z,23697,184
camunda/camunda,3528,2016-03-20T03:38:04Z,2025-03-23T20:41:57Z,578025,643
microservices-patterns/ftgo-application,3526,2017-10-23T04:30:04Z,2025-03-13T00:38:19Z,1010,1360
nytimes/Store,3522,2016-11-29T20:17:11Z,2019-12-06T21:32:10Z,2538,305
spring-io/initializr,3521,2013-06-07T16:02:22Z,2025-03-21T07:28:12Z,10992,1753
lsjwzh/RecyclerViewPager,3520,2015-01-17T18:30:34Z,2021-03-11T10:48:00Z,3248,665
andremion/Music-Player,3517,2016-05-06T21:55:37Z,2018-12-02T04:16:31Z,24772,700
Mojang/brigadier,3515,2014-09-15T08:48:24Z,2024-08-15T19:29:48Z,470,401
yacy/yacy_search_server,3513,2015-03-22T12:54:20Z,2025-03-23T07:44:29Z,827141,447
baoyongzhang/SwipeMenuListView,3507,2014-08-24T15:40:45Z,2022-09-08T07:08:01Z,1854,1259
M66B/FairEmail,3504,2018-08-02T13:30:25Z,2025-03-23T08:45:00Z,1108340,654
tchiotludo/akhq,3504,2018-09-09T19:35:39Z,2025-03-17T13:04:08Z,35147,681
codeestX/GeekNews,3503,2016-08-07T14:56:56Z,2018-08-25T11:26:10Z,83845,822
fyhertz/libstreaming,3500,2013-01-30T21:24:47Z,2023-01-26T08:55:11Z,1537,1079
jishenghua/jshERP,3498,2016-09-20T04:51:39Z,2025-03-23T15:19:26Z,67301,1242
anggrayudi/android-hidden-api,3492,2015-09-16T11:58:33Z,2025-01-17T11:02:07Z,334972,646
KingJA/LoadSir,3491,2017-09-02T08:32:15Z,2020-12-26T03:23:03Z,4024,505
spring-cloud/spring-cloud-kubernetes,3486,2016-12-13T21:36:25Z,2025-03-20T12:50:04Z,58304,1042
dariuszseweryn/RxAndroidBle,3483,2016-02-04T13:42:02Z,2024-10-05T15:38:09Z,2923,589
fabric8io/kubernetes-client,3483,2015-07-09T15:43:13Z,2025-03-21T15:03:53Z,502044,1475
lenve/JavaEETest,3481,2016-12-13T02:13:58Z,2023-05-14T10:12:03Z,27714,2810
ittianyu/BottomNavigationViewEx,3475,2016-11-12T08:39:38Z,2024-04-21T20:10:20Z,1770,557
javahuang/SurveyKing,3474,2021-09-06T13:34:14Z,2024-08-06T14:27:27Z,87973,517
mbechler/marshalsec,3472,2017-05-22T11:43:57Z,2025-01-09T19:07:14Z,469,682
immutables/immutables,3471,2013-07-07T13:48:23Z,2025-01-17T19:16:33Z,12954,280
rubensousa/PreviewSeekBar,3468,2017-01-24T23:52:44Z,2024-01-10T22:04:52Z,63625,426
gh0stkey/HaE,3466,2020-03-24T10:12:50Z,2025-03-21T13:36:13Z,10990,258
ferredoxin/QNotified,3445,2019-03-24T05:12:41Z,2023-02-13T07:17:41Z,8766,330
crossoverJie/SSM,3443,2016-06-21T10:09:02Z,2018-07-02T14:32:39Z,4404,1335
apache/logging-log4j2,3442,2013-06-12T07:00:19Z,2025-03-21T23:08:45Z,128288,1648
IrisShaders/Iris,3439,2020-10-22T20:21:12Z,2025-03-23T19:38:29Z,57846,659
phodal/migration,3439,2020-01-08T02:11:38Z,2021-08-12T08:05:53Z,6167,566
alamkanak/Android-Week-View,3436,2014-09-17T10:07:12Z,2024-05-30T16:25:55Z,814,1226
xcc3641/SeeWeather,3434,2016-02-20T13:10:14Z,2020-03-03T03:22:09Z,16083,722
sherxon/AlgoDS,3433,2016-12-16T17:01:22Z,2023-10-27T13:05:54Z,1585,608
guolindev/giffun,3433,2019-01-28T05:11:00Z,2021-01-29T13:47:14Z,7432,685
LinShunKang/MyPerf4J,3429,2018-03-11T09:58:44Z,2024-09-08T14:04:17Z,1295,546
OpenHFT/Chronicle-Queue,3424,2013-06-02T15:11:33Z,2025-03-06T10:25:54Z,29767,540
cSploit/android,3421,2014-10-04T05:53:29Z,2024-04-27T22:17:26Z,39651,1116
Netflix/maestro,3419,2024-04-17T01:15:56Z,2025-03-21T05:54:58Z,1642,208
openhab/openhab1-addons,3418,2013-09-20T20:28:43Z,2021-01-18T20:08:08Z,244412,1679
AsamK/signal-cli,3413,2015-05-11T10:49:42Z,2025-03-22T09:57:14Z,6442,314
Grt1228/chatgpt-java,3411,2023-02-11T08:54:54Z,2024-08-08T03:04:22Z,466,819
GitLqr/LQRWeChat,3409,2017-02-07T06:32:40Z,2023-04-10T11:18:15Z,120743,1069
woxingxiao/BubbleSeekBar,3401,2016-11-03T14:31:05Z,2022-06-29T13:11:46Z,43994,519
AxonFramework/AxonFramework,3399,2011-12-02T16:04:42Z,2025-03-23T03:37:30Z,53198,798
yigit/android-priority-jobqueue,3394,2014-06-20T00:12:45Z,2022-10-22T00:16:33Z,14756,393
springdoc/springdoc-openapi,3390,2019-07-11T23:08:20Z,2025-03-23T15:38:34Z,10272,517
google/volley,3388,2017-01-24T17:39:33Z,2025-02-25T16:36:30Z,1423,754
Red5/red5-server,3385,2013-11-19T05:04:10Z,2025-03-10T13:26:50Z,120064,1005
blossom-editor/blossom,3383,2023-08-07T03:02:17Z,2025-02-28T14:28:57Z,63128,286
eclipse-openj9/openj9,3379,2017-08-25T13:46:07Z,2025-03-23T01:40:57Z,190846,747
kevinsawicki/http-request,3375,2011-10-21T19:54:58Z,2023-10-25T22:21:44Z,1678,844
avast/android-butterknife-zelezny,3372,2013-12-23T14:24:08Z,2018-02-26T08:49:44Z,748,411
uber/AutoDispose,3371,2016-12-22T18:46:11Z,2024-07-25T02:47:03Z,12520,228
abel533/MyBatis-Spring-Boot,3368,2015-12-19T09:57:22Z,2022-01-26T08:37:37Z,152,1584
apache/incubator-kie-optaplanner,3363,2011-02-15T19:38:23Z,2025-03-23T05:47:53Z,243786,958
HelloWorld521/Java,3359,2016-12-08T14:01:46Z,2024-08-08T12:55:41Z,28772,1480
DataLinkDC/dinky,3355,2021-06-09T07:11:26Z,2025-03-23T14:57:29Z,38037,1217
WinterChenS/my-site,3354,2018-05-03T09:05:37Z,2024-11-12T05:30:08Z,6362,1055
TNG/ArchUnit,3350,2017-04-21T08:39:20Z,2025-03-22T08:23:23Z,17162,307
apache/linkis,3349,2019-07-23T06:41:51Z,2025-03-11T08:44:11Z,91437,1162
rom1v/sndcpy,3348,2020-06-09T19:36:57Z,2023-12-06T19:00:29Z,171,310
cropsly/ffmpeg-android-java,3338,2014-09-11T10:12:09Z,2021-07-31T10:27:20Z,90083,831
luojilab/DDComponentForAndroid,3332,2017-09-07T05:48:44Z,2020-08-05T03:14:22Z,1060,570
aragozin/jvm-tools,3326,2012-04-28T09:28:32Z,2024-01-26T12:20:14Z,5659,522
getActivity/Toaster,3326,2018-09-16T05:28:57Z,2025-02-08T10:41:07Z,55667,411
iammert/ScalingLayout,3321,2017-10-01T12:28:34Z,2023-05-28T15:10:34Z,8367,317
ivacf/archi,3320,2015-09-11T16:13:34Z,2019-10-03T12:13:37Z,1454,494
uncle-novel/uncle-novel,3319,2018-12-11T12:15:30Z,2024-01-18T13:26:18Z,90990,508
Netflix/concurrency-limits,3314,2017-12-11T19:32:41Z,2024-11-20T21:22:42Z,826,312
ReChronoRain/HyperCeiler,3309,2023-10-27T17:17:42Z,2025-03-23T00:30:18Z,59210,209
amitshekhariitbhu/PRDownloader,3308,2017-11-11T19:29:38Z,2025-03-05T15:06:55Z,477,540
chenBingX/SuperTextView,3308,2017-04-17T11:32:41Z,2022-01-17T16:02:08Z,36727,398
Creators-of-Create/Create,3301,2019-07-18T08:27:10Z,2025-03-19T19:48:06Z,84459,986
